filename,class,label
./Jaguar/Jaguar XF/XF-39_5.jpg,Jaguar XF,3
./Jaguar/Jaguar XF/XF-9_3.jpg,Jaguar XF,3
./Jaguar/Jaguar XJ/XJ-11-5.jpg,Jaguar XJ,4
./Jaguar/F-PACE/FP-02_10.jpg,F-PACE,1
./Jaguar/Jaguar XJ/XJ-38-10.jpg,Jaguar XJ,4
./Jaguar/Jaguar XF/XF-11_1.jpg,Jaguar XF,3
./Jaguar/E-PACE/EP-30-1.jpg,E-PACE,0
./Jaguar/Jaguar XE/XE-17_22.jpg,Jaguar XE,2
./Jaguar/Jaguar XF/XF-5_4.jpg,Jaguar XF,3
./Jaguar/Jaguar XF/XF-18_1.jpg,Jaguar XF,3
./Jaguar/Jaguar XF/XF-35_4.jpg,Jaguar XF,3
./Jaguar/Jaguar XJ/XJ-05-1.jpg,Jaguar XJ,4
./Jaguar/Jaguar XE/XE-41_1.jpg,Jaguar XE,2
./Jaguar/Jaguar XE/XE-9_1.jpg,Jaguar XE,2
./Jaguar/Jaguar XJ/XJ-43-5.jpg,Jaguar XJ,4
./Jaguar/Jaguar XJ/XJ-20-1.jpg,Jaguar XJ,4
./Jaguar/F-PACE/FP-08_1.jpg,F-PACE,1
./Jaguar/Jaguar XJ/XJ-41-12.jpg,Jaguar XJ,4
./Jaguar/E-PACE/EP-29-7.jpg,E-PACE,0
./Jaguar/Jaguar XE/XE-41_2.jpg,Jaguar XE,2
./Jaguar/E-PACE/EP-14_5.jpg,E-PACE,0
./Jaguar/F-PACE/FP-01_7.jpg,F-PACE,1
./Jaguar/Jaguar XF/XF-21_6.jpg,Jaguar XF,3
./Jaguar/E-PACE/EP-29-6.jpg,E-PACE,0
./Jaguar/Jaguar XE/XE-5_8.jpg,Jaguar XE,2
./Jaguar/Jaguar XF/XF-27_8.jpg,Jaguar XF,3
./Jaguar/Jaguar XJ/XJ-33-8.jpg,Jaguar XJ,4
./Jaguar/E-PACE/EP-16_11.jpg,E-PACE,0
./Jaguar/E-PACE/EP-7_3.jpg,E-PACE,0
./Jaguar/Jaguar XJ/XJ-08-6.jpg,Jaguar XJ,4
./Jaguar/E-PACE/EP-18_9.jpg,E-PACE,0
./Jaguar/Jaguar XE/XE-19_2.jpg,Jaguar XE,2
./Jaguar/Jaguar XE/XE-17_10.jpg,Jaguar XE,2
./Jaguar/E-PACE/EP-6_9.jpg,E-PACE,0
./Jaguar/Jaguar XE/XE-36_11.jpg,Jaguar XE,2
./Jaguar/E-PACE/EP-1_11.jpg,E-PACE,0
./Jaguar/E-PACE/EP-5_7.jpg,E-PACE,0
./Jaguar/E-PACE/EP-33-1.jpg,E-PACE,0
./Jaguar/Jaguar XJ/XJ-21-7.jpg,Jaguar XJ,4
./Jaguar/F-PACE/FP-13_6.jpg,F-PACE,1
./Jaguar/Jaguar XE/XE-38_2.jpg,Jaguar XE,2
./Jaguar/Jaguar XF/XF-25_9.jpg,Jaguar XF,3
./Jaguar/Jaguar XJ/XJ-18-7.jpg,Jaguar XJ,4
./Jaguar/E-PACE/EP-10_7.jpg,E-PACE,0
./Jaguar/Jaguar XJ/XJ-36-12.jpg,Jaguar XJ,4
./Jaguar/Jaguar XE/XE-24_2.jpg,Jaguar XE,2
./Jaguar/E-PACE/EP-6_6.jpg,E-PACE,0
./Jaguar/E-PACE/EP-31-5.jpg,E-PACE,0
./Jaguar/E-PACE/EP-38-8.jpg,E-PACE,0
./Jaguar/E-PACE/EP-6_11.jpg,E-PACE,0
./Jaguar/Jaguar XE/XE-9_2.jpg,Jaguar XE,2
./Jaguar/F-PACE/FP-19_8.jpg,F-PACE,1
./Jaguar/Jaguar XF/XF-39_1.jpg,Jaguar XF,3
./Jaguar/F-PACE/FP-18_4.jpg,F-PACE,1
./Jaguar/Jaguar XJ/XJ-20-8.jpg,Jaguar XJ,4
./Jaguar/E-PACE/EP-4_4.jpg,E-PACE,0
./Jaguar/Jaguar XE/XE-8_6.jpg,Jaguar XE,2
./Jaguar/E-PACE/EP-37-8.jpg,E-PACE,0
./Jaguar/F-PACE/FP-36_4.jpg,F-PACE,1
./Jaguar/Jaguar XE/XE-24_6.jpg,Jaguar XE,2
./Jaguar/Jaguar XJ/XJ-42-6.jpg,Jaguar XJ,4
./Jaguar/F-PACE/FP-09_7.jpg,F-PACE,1
./Jaguar/Jaguar XJ/XJ-19-9.jpg,Jaguar XJ,4
./Jaguar/E-PACE/EP-43-3.jpg,E-PACE,0
./Jaguar/Jaguar XF/XF-9_12.jpg,Jaguar XF,3
./Jaguar/F-PACE/FP-21_10.jpg,F-PACE,1
./Jaguar/Jaguar XE/XE-30_1.jpg,Jaguar XE,2
./Jaguar/F-PACE/FP-17_4.jpg,F-PACE,1
./Jaguar/Jaguar XF/XF-13_11.jpg,Jaguar XF,3
./Jaguar/Jaguar XF/XF-37_2.jpg,Jaguar XF,3
./Jaguar/E-PACE/EP-2_6.jpg,E-PACE,0
./Jaguar/Jaguar XJ/XJ-45-6.jpg,Jaguar XJ,4
./Jaguar/Jaguar XE/XE-41_7.jpg,Jaguar XE,2
./Jaguar/Jaguar XE/XE-29_2.jpg,Jaguar XE,2
./Jaguar/Jaguar XJ/XJ-13-3.jpg,Jaguar XJ,4
./Jaguar/F-PACE/FP-30_10.jpg,F-PACE,1
./Jaguar/Jaguar XJ/XJ-20-9.jpg,Jaguar XJ,4
./Jaguar/Jaguar XJ/XJ-35-5.jpg,Jaguar XJ,4
./Jaguar/E-PACE/EP-41-3.jpg,E-PACE,0
./Jaguar/F-PACE/FP-27_3.jpg,F-PACE,1
./Jaguar/Jaguar XF/XF-27_16.jpg,Jaguar XF,3
./Jaguar/Jaguar XJ/XJ-36-7.jpg,Jaguar XJ,4
./Jaguar/Jaguar XJ/XJ-06-10.jpg,Jaguar XJ,4
./Jaguar/F-PACE/FP-06_3.jpg,F-PACE,1
./Jaguar/Jaguar XJ/XJ-08-3.jpg,Jaguar XJ,4
./Jaguar/Jaguar XE/XE-13_6.jpg,Jaguar XE,2
./Jaguar/Jaguar XE/XE-32_3.jpg,Jaguar XE,2
./Jaguar/F-PACE/FP-09_8.jpg,F-PACE,1
./Jaguar/F-PACE/FP-37_2.jpg,F-PACE,1
./Jaguar/Jaguar XJ/XJ-44-8.jpg,Jaguar XJ,4
./Jaguar/F-PACE/FP-38_1.jpg,F-PACE,1
./Jaguar/Jaguar XE/XE-39_12.jpg,Jaguar XE,2
./Jaguar/Jaguar XE/XE-2_5.jpg,Jaguar XE,2
./Jaguar/Jaguar XE/XE-14_7.jpg,Jaguar XE,2
./Jaguar/Jaguar XE/XE-31_4.jpg,Jaguar XE,2
./Jaguar/Jaguar XJ/XJ-46-5.jpg,Jaguar XJ,4
./Jaguar/F-PACE/FP-29_1.jpg,F-PACE,1
./Jaguar/F-PACE/FP-18_13.jpg,F-PACE,1
./Jaguar/Jaguar XE/XE-34_3.jpg,Jaguar XE,2
./Jaguar/Jaguar XE/XE-3_2.jpg,Jaguar XE,2
./Jaguar/F-PACE/FP-12_1.jpg,F-PACE,1
./Jaguar/Jaguar XJ/XJ-37-5.jpg,Jaguar XJ,4
./Jaguar/Jaguar XE/XE-17_17.jpg,Jaguar XE,2
./Jaguar/Jaguar XE/XE-3_1.jpg,Jaguar XE,2
./Jaguar/Jaguar XE/XE-2_12.jpg,Jaguar XE,2
./Jaguar/E-PACE/EP-26_2.jpg,E-PACE,0
./Jaguar/F-PACE/FP-17_2.jpg,F-PACE,1
./Jaguar/F-PACE/FP-36_13.jpg,F-PACE,1
./Jaguar/Jaguar XF/XF-2_4.jpg,Jaguar XF,3
./Jaguar/F-PACE/FP-38_7.jpg,F-PACE,1
./Jaguar/E-PACE/EP-35-6.jpg,E-PACE,0
./Jaguar/Jaguar XE/XE-12_6.jpg,Jaguar XE,2
./Jaguar/Jaguar XE/XE-33_1.jpg,Jaguar XE,2
./Jaguar/F-PACE/FP-21_7.jpg,F-PACE,1
./Jaguar/Jaguar XJ/XJ-45-5.jpg,Jaguar XJ,4
./Jaguar/E-PACE/EP-5_8.jpg,E-PACE,0
./Jaguar/E-PACE/EP-42-11.jpg,E-PACE,0
./Jaguar/E-PACE/EP-11_6.jpg,E-PACE,0
./Jaguar/Jaguar XE/XE-18_7.jpg,Jaguar XE,2
./Jaguar/F-PACE/FP-18_10.jpg,F-PACE,1
./Jaguar/Jaguar XJ/XJ-35-11.jpg,Jaguar XJ,4
./Jaguar/Jaguar XE/XE-41_3.jpg,Jaguar XE,2
./Jaguar/E-PACE/EP-7_10.jpg,E-PACE,0
./Jaguar/Jaguar XJ/XJ-31-5.jpg,Jaguar XJ,4
./Jaguar/F-PACE/FP-29_8.jpg,F-PACE,1
./Jaguar/Jaguar XE/XE-34_9.jpg,Jaguar XE,2
./Jaguar/Jaguar XF/XF-11_4.jpg,Jaguar XF,3
./Jaguar/Jaguar XF/XF-12_11.jpg,Jaguar XF,3
./Jaguar/Jaguar XE/XE-25_6.jpg,Jaguar XE,2
./Jaguar/Jaguar XE/XE-18_14.jpg,Jaguar XE,2
./Jaguar/F-PACE/FP-14_7.jpg,F-PACE,1
./Jaguar/Jaguar XE/XE-17_7.jpg,Jaguar XE,2
./Jaguar/E-PACE/EP-4_1.jpg,E-PACE,0
./Jaguar/E-PACE/EP-27_8.jpg,E-PACE,0
./Jaguar/E-PACE/EP-5_1.jpg,E-PACE,0
./Jaguar/Jaguar XE/XE-38_5.jpg,Jaguar XE,2
./Jaguar/E-PACE/EP-41-1.jpg,E-PACE,0
./Jaguar/Jaguar XF/XF-39_4.jpg,Jaguar XF,3
./Jaguar/Jaguar XF/XF-31_3.jpg,Jaguar XF,3
./Jaguar/F-PACE/FP-10_8.jpg,F-PACE,1
./Jaguar/E-PACE/EP-20_4.jpg,E-PACE,0
./Jaguar/Jaguar XJ/XJ-12-2.jpg,Jaguar XJ,4
./Jaguar/Jaguar XF/XF-28_9.jpg,Jaguar XF,3
./Jaguar/Jaguar XE/XE-36_3.jpg,Jaguar XE,2
./Jaguar/E-PACE/EP-21_7.jpg,E-PACE,0
./Jaguar/Jaguar XJ/XJ-10-4.jpg,Jaguar XJ,4
./Jaguar/F-PACE/FP-34_2.jpg,F-PACE,1
./Jaguar/E-PACE/EP-39-5.jpg,E-PACE,0
./Jaguar/F-PACE/FP-17_16.jpg,F-PACE,1
./Jaguar/Jaguar XF/XF-39_6.jpg,Jaguar XF,3
./Jaguar/F-PACE/FP-30_7.jpg,F-PACE,1
./Jaguar/Jaguar XF/XF-10_9.jpg,Jaguar XF,3
./Jaguar/F-PACE/FP-29_3.jpg,F-PACE,1
./Jaguar/Jaguar XF/XF-13_5.jpg,Jaguar XF,3
./Jaguar/E-PACE/EP-9_12.jpg,E-PACE,0
./Jaguar/Jaguar XF/XF-1_12.jpg,Jaguar XF,3
./Jaguar/Jaguar XE/XE-33_6.jpg,Jaguar XE,2
./Jaguar/E-PACE/EP-18_2.jpg,E-PACE,0
./Jaguar/Jaguar XF/XF-18_14.jpg,Jaguar XF,3
./Jaguar/Jaguar XJ/XJ-31-9.jpg,Jaguar XJ,4
./Jaguar/Jaguar XE/XE-16_4.jpg,Jaguar XE,2
./Jaguar/Jaguar XF/XF-17_4.jpg,Jaguar XF,3
./Jaguar/F-PACE/FP-36_14.jpg,F-PACE,1
./Jaguar/Jaguar XJ/XJ-03-3.jpg,Jaguar XJ,4
./Jaguar/Jaguar XJ/XJ-09-3.jpg,Jaguar XJ,4
./Jaguar/Jaguar XF/XF-35_1.jpg,Jaguar XF,3
./Jaguar/F-PACE/FP-33_7.jpg,F-PACE,1
./Jaguar/Jaguar XJ/XJ-12-7.jpg,Jaguar XJ,4
./Jaguar/Jaguar XJ/XJ-24-1.jpg,Jaguar XJ,4
./Jaguar/F-PACE/FP-09_2.jpg,F-PACE,1
./Jaguar/Jaguar XJ/XJ-02-3.jpg,Jaguar XJ,4
./Jaguar/E-PACE/EP-41-10.jpg,E-PACE,0
./Jaguar/E-PACE/EP-45-6.jpg,E-PACE,0
./Jaguar/Jaguar XE/XE-22_10.jpg,Jaguar XE,2
./Jaguar/Jaguar XF/XF-3_9.jpg,Jaguar XF,3
./Jaguar/F-PACE/FP-09_6.jpg,F-PACE,1
./Jaguar/Jaguar XF/XF-23_6.jpg,Jaguar XF,3
./Jaguar/Jaguar XJ/XJ-01-7.jpg,Jaguar XJ,4
./Jaguar/Jaguar XJ/XJ-37-4.jpg,Jaguar XJ,4
./Jaguar/F-PACE/FP-23_7.jpg,F-PACE,1
./Jaguar/F-PACE/FP-33_14.jpg,F-PACE,1
./Jaguar/Jaguar XJ/XJ-21-1.jpg,Jaguar XJ,4
./Jaguar/Jaguar XF/XF-37_9.jpg,Jaguar XF,3
./Jaguar/E-PACE/EP-45-1.jpg,E-PACE,0
./Jaguar/Jaguar XE/XE-1_6.jpg,Jaguar XE,2
./Jaguar/Jaguar XJ/XJ-27-6.jpg,Jaguar XJ,4
./Jaguar/Jaguar XE/XE-23_5.jpg,Jaguar XE,2
./Jaguar/E-PACE/EP-36-1.jpg,E-PACE,0
./Jaguar/Jaguar XF/XF-27_14.jpg,Jaguar XF,3
./Jaguar/Jaguar XJ/XJ-28-4.jpg,Jaguar XJ,4
./Jaguar/E-PACE/EP-10_14.jpg,E-PACE,0
./Jaguar/Jaguar XJ/XJ-32-7.jpg,Jaguar XJ,4
./Jaguar/F-PACE/FP-18_7.jpg,F-PACE,1
./Jaguar/Jaguar XF/XF-27_20.jpg,Jaguar XF,3
./Jaguar/Jaguar XF/XF-17_6.jpg,Jaguar XF,3
./Jaguar/Jaguar XJ/XJ-28-2.jpg,Jaguar XJ,4
./Jaguar/E-PACE/EP-18_10.jpg,E-PACE,0
./Jaguar/F-PACE/FP-30_11.jpg,F-PACE,1
./Jaguar/Jaguar XF/XF-29_5.jpg,Jaguar XF,3
./Jaguar/F-PACE/FP-26_9.jpg,F-PACE,1
./Jaguar/E-PACE/EP-19_6.jpg,E-PACE,0
./Jaguar/E-PACE/EP-44-4.jpg,E-PACE,0
./Jaguar/F-PACE/FP-19_7.jpg,F-PACE,1
./Jaguar/F-PACE/FP-40_4.jpg,F-PACE,1
./Jaguar/Jaguar XF/XF-10_1.jpg,Jaguar XF,3
./Jaguar/E-PACE/EP-9_2.jpg,E-PACE,0
./Jaguar/Jaguar XE/XE-18_4.jpg,Jaguar XE,2
./Jaguar/Jaguar XE/XE-4_2.jpg,Jaguar XE,2
./Jaguar/Jaguar XE/XE-22_4.jpg,Jaguar XE,2
./Jaguar/Jaguar XF/XF-38_8.jpg,Jaguar XF,3
./Jaguar/F-PACE/FP-20_9.jpg,F-PACE,1
./Jaguar/Jaguar XF/XF-37_11.jpg,Jaguar XF,3
./Jaguar/Jaguar XE/XE-34_7.jpg,Jaguar XE,2
./Jaguar/E-PACE/EP-9_13.jpg,E-PACE,0
./Jaguar/Jaguar XJ/XJ-08-5.jpg,Jaguar XJ,4
./Jaguar/F-PACE/FP-33_4.jpg,F-PACE,1
./Jaguar/F-PACE/FP-34_1.jpg,F-PACE,1
./Jaguar/E-PACE/EP-36-8.jpg,E-PACE,0
./Jaguar/Jaguar XF/XF-25_17.jpg,Jaguar XF,3
./Jaguar/Jaguar XF/XF-27_15.jpg,Jaguar XF,3
./Jaguar/F-PACE/FP-33_18.jpg,F-PACE,1
./Jaguar/Jaguar XJ/XJ-43-1.jpg,Jaguar XJ,4
./Jaguar/Jaguar XF/XF-18_2.jpg,Jaguar XF,3
./Jaguar/F-PACE/FP-04_6.jpg,F-PACE,1
./Jaguar/Jaguar XE/XE-4_4.jpg,Jaguar XE,2
./Jaguar/F-PACE/FP-17_14.jpg,F-PACE,1
./Jaguar/E-PACE/EP-43-8.jpg,E-PACE,0
./Jaguar/Jaguar XF/XF-33_6.jpg,Jaguar XF,3
./Jaguar/E-PACE/EP-30-3.jpg,E-PACE,0
./Jaguar/E-PACE/EP-41-5.jpg,E-PACE,0
./Jaguar/Jaguar XJ/XJ-01-6.jpg,Jaguar XJ,4
./Jaguar/Jaguar XE/XE-30_4.jpg,Jaguar XE,2
./Jaguar/F-PACE/FP-41_4.jpg,F-PACE,1
./Jaguar/Jaguar XE/XE-11_2.jpg,Jaguar XE,2
./Jaguar/E-PACE/EP-35-3.jpg,E-PACE,0
./Jaguar/Jaguar XF/XF-24_1.jpg,Jaguar XF,3
./Jaguar/Jaguar XF/XF-4_9.jpg,Jaguar XF,3
./Jaguar/Jaguar XE/XE-5_5.jpg,Jaguar XE,2
./Jaguar/F-PACE/FP-21_1.jpg,F-PACE,1
./Jaguar/E-PACE/EP-39-4.jpg,E-PACE,0
./Jaguar/E-PACE/EP-4_7.jpg,E-PACE,0
./Jaguar/F-PACE/FP-32_8.jpg,F-PACE,1
./Jaguar/E-PACE/EP-24_1.jpg,E-PACE,0
./Jaguar/F-PACE/FP-39_15.jpg,F-PACE,1
./Jaguar/E-PACE/EP-3_12.jpg,E-PACE,0
./Jaguar/Jaguar XF/XF-30_7.jpg,Jaguar XF,3
./Jaguar/Jaguar XF/XF-27_18.jpg,Jaguar XF,3
./Jaguar/Jaguar XJ/XJ-34-3.jpg,Jaguar XJ,4
./Jaguar/F-PACE/FP-31_5.jpg,F-PACE,1
./Jaguar/F-PACE/FP-29_4.jpg,F-PACE,1
./Jaguar/Jaguar XF/XF-27_3.jpg,Jaguar XF,3
./Jaguar/F-PACE/FP-18_3.jpg,F-PACE,1
./Jaguar/Jaguar XE/XE-14_3.jpg,Jaguar XE,2
./Jaguar/Jaguar XF/XF-41_2.jpg,Jaguar XF,3
./Jaguar/E-PACE/EP-6_7.jpg,E-PACE,0
./Jaguar/F-PACE/FP-17_8.jpg,F-PACE,1
./Jaguar/E-PACE/EP-23_8.jpg,E-PACE,0
./Jaguar/Jaguar XE/XE-18_9.jpg,Jaguar XE,2
./Jaguar/E-PACE/EP-3_4.jpg,E-PACE,0
./Jaguar/E-PACE/EP-40-6.jpg,E-PACE,0
./Jaguar/E-PACE/EP-42-3.jpg,E-PACE,0
./Jaguar/E-PACE/EP-4_8.jpg,E-PACE,0
./Jaguar/F-PACE/FP-35_10.jpg,F-PACE,1
./Jaguar/Jaguar XF/XF-21_4.jpg,Jaguar XF,3
./Jaguar/E-PACE/EP-34-8.jpg,E-PACE,0
./Jaguar/F-PACE/FP-33_8.jpg,F-PACE,1
./Jaguar/Jaguar XF/XF-27_6.jpg,Jaguar XF,3
./Jaguar/Jaguar XF/XF-7_8.jpg,Jaguar XF,3
./Jaguar/Jaguar XJ/XJ-42-5.jpg,Jaguar XJ,4
./Jaguar/Jaguar XJ/XJ-38-8.jpg,Jaguar XJ,4
./Jaguar/F-PACE/FP-01_1.jpg,F-PACE,1
./Jaguar/E-PACE/EP-23_1.jpg,E-PACE,0
./Jaguar/Jaguar XF/XF-21_14.jpg,Jaguar XF,3
./Jaguar/Jaguar XF/XF-34_1.jpg,Jaguar XF,3
./Jaguar/Jaguar XJ/XJ-13-7.jpg,Jaguar XJ,4
./Jaguar/Jaguar XJ/XJ-09-5.jpg,Jaguar XJ,4
./Jaguar/E-PACE/EP-18_5.jpg,E-PACE,0
./Jaguar/F-PACE/FP-15_7.jpg,F-PACE,1
./Jaguar/E-PACE/EP-46-11.jpg,E-PACE,0
./Jaguar/Jaguar XF/XF-25_6.jpg,Jaguar XF,3
./Jaguar/F-PACE/FP-40_5.jpg,F-PACE,1
./Jaguar/E-PACE/EP-35-9.jpg,E-PACE,0
./Jaguar/Jaguar XE/XE-36_6.jpg,Jaguar XE,2
./Jaguar/F-PACE/FP-26_6.jpg,F-PACE,1
./Jaguar/F-PACE/FP-18_9.jpg,F-PACE,1
./Jaguar/Jaguar XJ/XJ-07-2.jpg,Jaguar XJ,4
./Jaguar/Jaguar XF/XF-13_14.jpg,Jaguar XF,3
./Jaguar/Jaguar XE/XE-11_8.jpg,Jaguar XE,2
./Jaguar/E-PACE/EP-6_2.jpg,E-PACE,0
./Jaguar/Jaguar XE/XE-37_5.jpg,Jaguar XE,2
./Jaguar/E-PACE/EP-21_9.jpg,E-PACE,0
./Jaguar/F-PACE/FP-14_6.jpg,F-PACE,1
./Jaguar/Jaguar XF/XF-12_2.jpg,Jaguar XF,3
./Jaguar/Jaguar XE/XE-26_7.jpg,Jaguar XE,2
./Jaguar/Jaguar XF/XF-26_2.jpg,Jaguar XF,3
./Jaguar/Jaguar XJ/XJ-18-5.jpg,Jaguar XJ,4
./Jaguar/Jaguar XE/XE-6_10.jpg,Jaguar XE,2
./Jaguar/Jaguar XJ/XJ-33-3.jpg,Jaguar XJ,4
./Jaguar/Jaguar XE/XE-8_10.jpg,Jaguar XE,2
./Jaguar/Jaguar XE/XE-16_5.jpg,Jaguar XE,2
./Jaguar/Jaguar XJ/XJ-41-11.jpg,Jaguar XJ,4
./Jaguar/Jaguar XJ/XJ-41-5.jpg,Jaguar XJ,4
./Jaguar/Jaguar XJ/XJ-24-7.jpg,Jaguar XJ,4
./Jaguar/Jaguar XJ/XJ-29-11.jpg,Jaguar XJ,4
./Jaguar/Jaguar XF/XF-6_8.jpg,Jaguar XF,3
./Jaguar/Jaguar XF/XF-25_8.jpg,Jaguar XF,3
./Jaguar/E-PACE/EP-10_8.jpg,E-PACE,0
./Jaguar/E-PACE/EP-12_2.jpg,E-PACE,0
./Jaguar/Jaguar XJ/XJ-33-10.jpg,Jaguar XJ,4
./Jaguar/Jaguar XJ/XJ-41-2.jpg,Jaguar XJ,4
./Jaguar/Jaguar XE/XE-33_4.jpg,Jaguar XE,2
./Jaguar/E-PACE/EP-46-10.jpg,E-PACE,0
./Jaguar/Jaguar XE/XE-2_11.jpg,Jaguar XE,2
./Jaguar/E-PACE/EP-38-2.jpg,E-PACE,0
./Jaguar/E-PACE/EP-10_9.jpg,E-PACE,0
./Jaguar/Jaguar XJ/XJ-36-6.jpg,Jaguar XJ,4
./Jaguar/Jaguar XE/XE-36_8.jpg,Jaguar XE,2
./Jaguar/F-PACE/FP-21_4.jpg,F-PACE,1
./Jaguar/Jaguar XF/XF-18_4.jpg,Jaguar XF,3
./Jaguar/Jaguar XF/XF-9_16.jpg,Jaguar XF,3
./Jaguar/E-PACE/EP-25_5.jpg,E-PACE,0
./Jaguar/Jaguar XE/XE-24_19.jpg,Jaguar XE,2
./Jaguar/E-PACE/EP-15_9.jpg,E-PACE,0
./Jaguar/Jaguar XJ/XJ-30-4.jpg,Jaguar XJ,4
./Jaguar/Jaguar XF/XF7_7.jpg,Jaguar XF,3
./Jaguar/Jaguar XF/XF-28_17.jpg,Jaguar XF,3
./Jaguar/F-PACE/FP-16_3.jpg,F-PACE,1
./Jaguar/Jaguar XJ/XJ-44-2.jpg,Jaguar XJ,4
./Jaguar/E-PACE/EP-27_7.jpg,E-PACE,0
./Jaguar/Jaguar XJ/XJ-45-2.jpg,Jaguar XJ,4
./Jaguar/F-PACE/FP-14_3.jpg,F-PACE,1
./Jaguar/E-PACE/EP-31-8.jpg,E-PACE,0
./Jaguar/Jaguar XE/XE-8_2.jpg,Jaguar XE,2
./Jaguar/Jaguar XJ/XJ-23-4.jpg,Jaguar XJ,4
./Jaguar/F-PACE/FP-22_1.jpg,F-PACE,1
./Jaguar/F-PACE/FP-30_2.jpg,F-PACE,1
./Jaguar/Jaguar XF/XF-37_14.jpg,Jaguar XF,3
./Jaguar/Jaguar XF/XF-36_5.jpg,Jaguar XF,3
./Jaguar/E-PACE/EP-38-3.jpg,E-PACE,0
./Jaguar/Jaguar XF/XF-21_10.jpg,Jaguar XF,3
./Jaguar/E-PACE/EP-30-2.jpg,E-PACE,0
./Jaguar/E-PACE/EP-6_1.jpg,E-PACE,0
./Jaguar/Jaguar XF/XF-17_2.jpg,Jaguar XF,3
./Jaguar/F-PACE/FP-02_8.jpg,F-PACE,1
./Jaguar/Jaguar XJ/XJ-04-2.jpg,Jaguar XJ,4
./Jaguar/Jaguar XJ/XJ-46-2.jpg,Jaguar XJ,4
./Jaguar/F-PACE/FP-33_17.jpg,F-PACE,1
./Jaguar/Jaguar XF/XF-32_5.jpg,Jaguar XF,3
./Jaguar/Jaguar XJ/XJ-29-3.jpg,Jaguar XJ,4
./Jaguar/F-PACE/FP-13_12.jpg,F-PACE,1
./Jaguar/E-PACE/EP-38-6.jpg,E-PACE,0
./Jaguar/Jaguar XF/XF-14_2.jpg,Jaguar XF,3
./Jaguar/F-PACE/FP-12_4.jpg,F-PACE,1
./Jaguar/F-PACE/FP-05_4.jpg,F-PACE,1
./Jaguar/Jaguar XJ/XJ-26-5.jpg,Jaguar XJ,4
./Jaguar/Jaguar XF/XF-31_7.jpg,Jaguar XF,3
./Jaguar/Jaguar XE/XE-8_1.jpg,Jaguar XE,2
./Jaguar/E-PACE/EP-26_6.jpg,E-PACE,0
./Jaguar/Jaguar XJ/XJ-23-1.jpg,Jaguar XJ,4
./Jaguar/Jaguar XE/XE-41_11.jpg,Jaguar XE,2
./Jaguar/Jaguar XF/XF-1_3.jpg,Jaguar XF,3
./Jaguar/F-PACE/FP-31_6.jpg,F-PACE,1
./Jaguar/Jaguar XJ/XJ-44-4.jpg,Jaguar XJ,4
./Jaguar/F-PACE/FP-19_9.jpg,F-PACE,1
./Jaguar/Jaguar XF/XF-27_10.jpg,Jaguar XF,3
./Jaguar/E-PACE/EP-15_2.jpg,E-PACE,0
./Jaguar/Jaguar XJ/XJ-38-3.jpg,Jaguar XJ,4
./Jaguar/Jaguar XE/XE-8_7.jpg,Jaguar XE,2
./Jaguar/Jaguar XJ/XJ-35-4.jpg,Jaguar XJ,4
./Jaguar/Jaguar XJ/XJ-32-15.jpg,Jaguar XJ,4
./Jaguar/Jaguar XE/XE-7_5.jpg,Jaguar XE,2
./Jaguar/Jaguar XF/XF-18_9.jpg,Jaguar XF,3
./Jaguar/F-PACE/FP-17_13.jpg,F-PACE,1
./Jaguar/Jaguar XF/XF-40_3.jpg,Jaguar XF,3
./Jaguar/F-PACE/FP-14_1.jpg,F-PACE,1
./Jaguar/Jaguar XJ/XJ-14-8.jpg,Jaguar XJ,4
./Jaguar/E-PACE/EP-34-1.jpg,E-PACE,0
./Jaguar/Jaguar XJ/XJ-01-3.jpg,Jaguar XJ,4
./Jaguar/Jaguar XE/XE-36_12.jpg,Jaguar XE,2
./Jaguar/Jaguar XJ/XJ-19-1.jpg,Jaguar XJ,4
./Jaguar/F-PACE/FP-06_11.jpg,F-PACE,1
./Jaguar/Jaguar XJ/XJ-45-3.jpg,Jaguar XJ,4
./Jaguar/Jaguar XJ/XJ-29-1.jpg,Jaguar XJ,4
./Jaguar/F-PACE/FP-32_1.jpg,F-PACE,1
./Jaguar/F-PACE/FP-33_10.jpg,F-PACE,1
./Jaguar/E-PACE/EP-6_13.jpg,E-PACE,0
./Jaguar/Jaguar XE/XE-36_4.jpg,Jaguar XE,2
./Jaguar/F-PACE/FP-19_3.jpg,F-PACE,1
./Jaguar/Jaguar XF/XF-26_5.jpg,Jaguar XF,3
./Jaguar/F-PACE/FP-03_6.jpg,F-PACE,1
./Jaguar/Jaguar XF/XF-27_11.jpg,Jaguar XF,3
./Jaguar/Jaguar XJ/XJ-41-6.jpg,Jaguar XJ,4
./Jaguar/Jaguar XF/XF-29_3.jpg,Jaguar XF,3
./Jaguar/Jaguar XJ/XJ-39-3.jpg,Jaguar XJ,4
./Jaguar/F-PACE/FP-26_8.jpg,F-PACE,1
./Jaguar/E-PACE/EP-30-4.jpg,E-PACE,0
./Jaguar/Jaguar XF/XF-24_9.jpg,Jaguar XF,3
./Jaguar/E-PACE/EP-8_4.jpg,E-PACE,0
./Jaguar/Jaguar XE/XE-35_10.jpg,Jaguar XE,2
./Jaguar/Jaguar XJ/XJ-11-3.jpg,Jaguar XJ,4
./Jaguar/Jaguar XF/XF-38_5.jpg,Jaguar XF,3
./Jaguar/Jaguar XE/XE-35_7.jpg,Jaguar XE,2
./Jaguar/E-PACE/EP-40-4.jpg,E-PACE,0
./Jaguar/F-PACE/FP-37_10.jpg,F-PACE,1
./Jaguar/F-PACE/FP-35_3.jpg,F-PACE,1
./Jaguar/Jaguar XF/XF-1_9.jpg,Jaguar XF,3
./Jaguar/E-PACE/EP-1_1.jpg,E-PACE,0
./Jaguar/Jaguar XF/XF-26_4.jpg,Jaguar XF,3
./Jaguar/Jaguar XJ/XJ-39-2.jpg,Jaguar XJ,4
./Jaguar/F-PACE/FP-32_5.jpg,F-PACE,1
./Jaguar/Jaguar XE/XE-31_5.jpg,Jaguar XE,2
./Jaguar/Jaguar XE/XE-13_8.jpg,Jaguar XE,2
./Jaguar/Jaguar XE/XE-7_2.jpg,Jaguar XE,2
./Jaguar/Jaguar XJ/XJ-31-3.jpg,Jaguar XJ,4
./Jaguar/Jaguar XJ/XJ-36-2.jpg,Jaguar XJ,4
./Jaguar/Jaguar XE/XE-34_2.jpg,Jaguar XE,2
./Jaguar/E-PACE/EP-17_1.jpg,E-PACE,0
./Jaguar/E-PACE/EP-43-5.jpg,E-PACE,0
./Jaguar/Jaguar XF/XF-27_13.jpg,Jaguar XF,3
./Jaguar/Jaguar XE/XE-26_18.jpg,Jaguar XE,2
./Jaguar/Jaguar XE/XE-39_3.jpg,Jaguar XE,2
./Jaguar/Jaguar XE/XE-26_12.jpg,Jaguar XE,2
./Jaguar/Jaguar XF/XF-13_1.jpg,Jaguar XF,3
./Jaguar/Jaguar XE/XE-15_2.jpg,Jaguar XE,2
./Jaguar/E-PACE/EP-15_3.jpg,E-PACE,0
./Jaguar/F-PACE/FP-17_17.jpg,F-PACE,1
./Jaguar/Jaguar XE/XE-24_10.jpg,Jaguar XE,2
./Jaguar/E-PACE/EP-31-3.jpg,E-PACE,0
./Jaguar/Jaguar XE/XE-7_10.jpg,Jaguar XE,2
./Jaguar/E-PACE/EP-31-1.jpg,E-PACE,0
./Jaguar/Jaguar XE/XE-34_8.jpg,Jaguar XE,2
./Jaguar/E-PACE/EP-17_2.jpg,E-PACE,0
./Jaguar/Jaguar XE/XE-6_2.jpg,Jaguar XE,2
./Jaguar/F-PACE/FP-30_1.jpg,F-PACE,1
./Jaguar/Jaguar XF/XF-14_5.jpg,Jaguar XF,3
./Jaguar/Jaguar XF/XF-24_5.jpg,Jaguar XF,3
./Jaguar/Jaguar XJ/XJ-04-4.jpg,Jaguar XJ,4
./Jaguar/E-PACE/EP-42-13.jpg,E-PACE,0
./Jaguar/Jaguar XE/XE-10_5.jpg,Jaguar XE,2
./Jaguar/Jaguar XF/XF-3_11.jpg,Jaguar XF,3
./Jaguar/E-PACE/EP-8_6.jpg,E-PACE,0
./Jaguar/Jaguar XE/XE-4_9.jpg,Jaguar XE,2
./Jaguar/Jaguar XJ/XJ-02-2.jpg,Jaguar XJ,4
./Jaguar/Jaguar XJ/XJ-45-9.jpg,Jaguar XJ,4
./Jaguar/Jaguar XE/XE-17_18.jpg,Jaguar XE,2
./Jaguar/F-PACE/FP-20_12.jpg,F-PACE,1
./Jaguar/Jaguar XJ/XJ-04-6.jpg,Jaguar XJ,4
./Jaguar/F-PACE/FP-15_4.jpg,F-PACE,1
./Jaguar/E-PACE/EP-27_1.jpg,E-PACE,0
./Jaguar/Jaguar XJ/XJ-12-3.jpg,Jaguar XJ,4
./Jaguar/F-PACE/FP-20_10.jpg,F-PACE,1
./Jaguar/Jaguar XJ/XJ-43-7.jpg,Jaguar XJ,4
./Jaguar/Jaguar XE/XE-15_5.jpg,Jaguar XE,2
./Jaguar/Jaguar XE/XE-2_9.jpg,Jaguar XE,2
./Jaguar/E-PACE/EP-23_6.jpg,E-PACE,0
./Jaguar/E-PACE/EP-35-7.jpg,E-PACE,0
./Jaguar/E-PACE/EP-1_4.jpg,E-PACE,0
./Jaguar/Jaguar XE/XE-41_8.jpg,Jaguar XE,2
./Jaguar/E-PACE/EP-37-7.jpg,E-PACE,0
./Jaguar/Jaguar XJ/XJ-13-1.jpg,Jaguar XJ,4
./Jaguar/F-PACE/FP-32_7.jpg,F-PACE,1
./Jaguar/E-PACE/EP-14_7.jpg,E-PACE,0
./Jaguar/Jaguar XJ/XJ-44-7.jpg,Jaguar XJ,4
./Jaguar/Jaguar XE/XE-22_5.jpg,Jaguar XE,2
./Jaguar/E-PACE/EP-32-4.jpg,E-PACE,0
./Jaguar/E-PACE/EP-33-9.jpg,E-PACE,0
./Jaguar/Jaguar XJ/XJ-36-5.jpg,Jaguar XJ,4
./Jaguar/Jaguar XE/XE-15_7.jpg,Jaguar XE,2
./Jaguar/Jaguar XE/XE-38_8.jpg,Jaguar XE,2
./Jaguar/E-PACE/EP-9_3.jpg,E-PACE,0
./Jaguar/E-PACE/EP-18_4.jpg,E-PACE,0
./Jaguar/Jaguar XJ/XJ-22-7.jpg,Jaguar XJ,4
./Jaguar/Jaguar XJ/XJ-16-13.jpg,Jaguar XJ,4
./Jaguar/E-PACE/EP-4_6.jpg,E-PACE,0
./Jaguar/Jaguar XE/XE-41_4.jpg,Jaguar XE,2
./Jaguar/Jaguar XF/XF-18_15.jpg,Jaguar XF,3
./Jaguar/Jaguar XF/XF-28_18.jpg,Jaguar XF,3
./Jaguar/Jaguar XF/XF-3_13.jpg,Jaguar XF,3
./Jaguar/F-PACE/FP-11_7.jpg,F-PACE,1
./Jaguar/F-PACE/FP-17_9.jpg,F-PACE,1
./Jaguar/Jaguar XJ/XJ-07-6.jpg,Jaguar XJ,4
./Jaguar/F-PACE/FP-20_6.jpg,F-PACE,1
./Jaguar/Jaguar XE/XE-35_12.jpg,Jaguar XE,2
./Jaguar/Jaguar XJ/XJ-18-8.jpg,Jaguar XJ,4
./Jaguar/E-PACE/EP-44-3.jpg,E-PACE,0
./Jaguar/Jaguar XF/XF-3_3.jpg,Jaguar XF,3
./Jaguar/Jaguar XF/XF-31_8.jpg,Jaguar XF,3
./Jaguar/Jaguar XJ/XJ-40-2.jpg,Jaguar XJ,4
./Jaguar/F-PACE/FP-35_1.jpg,F-PACE,1
./Jaguar/Jaguar XE/XE-28_5.jpg,Jaguar XE,2
./Jaguar/Jaguar XJ/XJ-15-2.jpg,Jaguar XJ,4
./Jaguar/Jaguar XF/XF-11_2.jpg,Jaguar XF,3
./Jaguar/Jaguar XF/XF-18_5.jpg,Jaguar XF,3
./Jaguar/Jaguar XE/XE-24_15.jpg,Jaguar XE,2
./Jaguar/F-PACE/FP-19_5.jpg,F-PACE,1
./Jaguar/Jaguar XJ/XJ-45-4.jpg,Jaguar XJ,4
./Jaguar/Jaguar XF/XF-9_5.jpg,Jaguar XF,3
./Jaguar/E-PACE/EP-37-10.jpg,E-PACE,0
./Jaguar/F-PACE/FP-18_16.jpg,F-PACE,1
./Jaguar/Jaguar XE/XE-21_9.jpg,Jaguar XE,2
./Jaguar/F-PACE/FP-26_3.jpg,F-PACE,1
./Jaguar/Jaguar XF/XF-21_15.jpg,Jaguar XF,3
./Jaguar/E-PACE/EP-14_6.jpg,E-PACE,0
./Jaguar/F-PACE/FP-36_16.jpg,F-PACE,1
./Jaguar/F-PACE/FP-19_10.jpg,F-PACE,1
./Jaguar/F-PACE/FP-26_7.jpg,F-PACE,1
./Jaguar/Jaguar XJ/XJ-46-7.jpg,Jaguar XJ,4
./Jaguar/E-PACE/EP-16_7.jpg,E-PACE,0
./Jaguar/E-PACE/EP-46-3.jpg,E-PACE,0
./Jaguar/Jaguar XE/XE-17_11.jpg,Jaguar XE,2
./Jaguar/Jaguar XF/XF-35_2.jpg,Jaguar XF,3
./Jaguar/Jaguar XJ/XJ-46-6.jpg,Jaguar XJ,4
./Jaguar/E-PACE/EP-24_7.jpg,E-PACE,0
./Jaguar/E-PACE/EP-42-12.jpg,E-PACE,0
./Jaguar/Jaguar XJ/XJ-02-7.jpg,Jaguar XJ,4
./Jaguar/Jaguar XF/XF-25_18.jpg,Jaguar XF,3
./Jaguar/Jaguar XJ/XJ-39-7.jpg,Jaguar XJ,4
./Jaguar/Jaguar XE/XE-17_13.jpg,Jaguar XE,2
./Jaguar/F-PACE/FP-35_12.jpg,F-PACE,1
./Jaguar/Jaguar XF/XF-30_6.jpg,Jaguar XF,3
./Jaguar/F-PACE/FP-36_3.jpg,F-PACE,1
./Jaguar/F-PACE/FP-35_8.jpg,F-PACE,1
./Jaguar/Jaguar XE/XE-23_3.jpg,Jaguar XE,2
./Jaguar/Jaguar XE/XE-19_7.jpg,Jaguar XE,2
./Jaguar/F-PACE/FP-26_1.jpg,F-PACE,1
./Jaguar/Jaguar XF/XF-31_5.jpg,Jaguar XF,3
./Jaguar/E-PACE/EP-3_3.jpg,E-PACE,0
./Jaguar/E-PACE/EP-42-10.jpg,E-PACE,0
./Jaguar/E-PACE/EP-20_7.jpg,E-PACE,0
./Jaguar/Jaguar XE/XE-35_9.jpg,Jaguar XE,2
./Jaguar/E-PACE/EP-2_10.jpg,E-PACE,0
./Jaguar/Jaguar XF/XF-27_2.jpg,Jaguar XF,3
./Jaguar/Jaguar XE/XE-24_18.jpg,Jaguar XE,2
./Jaguar/Jaguar XJ/XJ-45-1.jpg,Jaguar XJ,4
./Jaguar/Jaguar XJ/XJ-21-10.jpg,Jaguar XJ,4
./Jaguar/Jaguar XE/XE-35_3.jpg,Jaguar XE,2
./Jaguar/F-PACE/FP-30_3.jpg,F-PACE,1
./Jaguar/Jaguar XE/XE-37_11.jpg,Jaguar XE,2
./Jaguar/Jaguar XE/XE-14_6.jpg,Jaguar XE,2
./Jaguar/Jaguar XJ/XJ-36-3.jpg,Jaguar XJ,4
./Jaguar/Jaguar XF/XF-7_4.jpg,Jaguar XF,3
./Jaguar/Jaguar XE/XE-31_8.jpg,Jaguar XE,2
./Jaguar/E-PACE/EP-29-3.jpg,E-PACE,0
./Jaguar/E-PACE/EP-25_2.jpg,E-PACE,0
./Jaguar/Jaguar XJ/XJ-26-3.jpg,Jaguar XJ,4
./Jaguar/E-PACE/EP-12_5.jpg,E-PACE,0
./Jaguar/Jaguar XE/XE-14_9.jpg,Jaguar XE,2
./Jaguar/Jaguar XE/XE-12_9.jpg,Jaguar XE,2
./Jaguar/Jaguar XF/XF-24_2.jpg,Jaguar XF,3
./Jaguar/E-PACE/EP-12_3.jpg,E-PACE,0
./Jaguar/Jaguar XF/XF-14_1.jpg,Jaguar XF,3
./Jaguar/Jaguar XF/XF-24_3.jpg,Jaguar XF,3
./Jaguar/E-PACE/EP-7_2.jpg,E-PACE,0
./Jaguar/Jaguar XE/XE-11_1.jpg,Jaguar XE,2
./Jaguar/Jaguar XE/XE-16_7.jpg,Jaguar XE,2
./Jaguar/E-PACE/EP-9_4.jpg,E-PACE,0
./Jaguar/E-PACE/EP-38-4.jpg,E-PACE,0
./Jaguar/Jaguar XE/XE-14_4.jpg,Jaguar XE,2
./Jaguar/Jaguar XE/XE-17_1.jpg,Jaguar XE,2
./Jaguar/Jaguar XJ/XJ-06-6.jpg,Jaguar XJ,4
./Jaguar/Jaguar XE/XE-24_1.jpg,Jaguar XE,2
./Jaguar/E-PACE/EP-22_4.jpg,E-PACE,0
./Jaguar/Jaguar XF/XF-40_2.jpg,Jaguar XF,3
./Jaguar/F-PACE/FP-40_3.jpg,F-PACE,1
./Jaguar/Jaguar XF/XF-26_8.jpg,Jaguar XF,3
./Jaguar/E-PACE/EP-30-5.jpg,E-PACE,0
./Jaguar/E-PACE/EP-6_5.jpg,E-PACE,0
./Jaguar/Jaguar XF/XF-16_4.jpg,Jaguar XF,3
./Jaguar/Jaguar XF/XF-15_4.jpg,Jaguar XF,3
./Jaguar/Jaguar XJ/XJ-41-1.jpg,Jaguar XJ,4
./Jaguar/E-PACE/EP-19_7.jpg,E-PACE,0
./Jaguar/Jaguar XF/XF-16_3.jpg,Jaguar XF,3
./Jaguar/Jaguar XF/XF-23_2.jpg,Jaguar XF,3
./Jaguar/F-PACE/FP-20_5.jpg,F-PACE,1
./Jaguar/Jaguar XF/XF-11_8.jpg,Jaguar XF,3
./Jaguar/Jaguar XF/XF-2_7.jpg,Jaguar XF,3
./Jaguar/Jaguar XF/XF-5_7.jpg,Jaguar XF,3
./Jaguar/Jaguar XF/XF-4_6.jpg,Jaguar XF,3
./Jaguar/F-PACE/FP-07_1.jpg,F-PACE,1
./Jaguar/Jaguar XE/XE-12_3.jpg,Jaguar XE,2
./Jaguar/F-PACE/FP-18_14.jpg,F-PACE,1
./Jaguar/E-PACE/EP-9_10.jpg,E-PACE,0
./Jaguar/F-PACE/FP-08_5.jpg,F-PACE,1
./Jaguar/Jaguar XJ/XJ-12-1.jpg,Jaguar XJ,4
./Jaguar/Jaguar XJ/XJ-34-2.jpg,Jaguar XJ,4
./Jaguar/Jaguar XJ/XJ-32-5.jpg,Jaguar XJ,4
./Jaguar/Jaguar XE/XE-24_3.jpg,Jaguar XE,2
./Jaguar/Jaguar XF/XF1_11.jpg,Jaguar XF,3
./Jaguar/Jaguar XF/XF-25_7.jpg,Jaguar XF,3
./Jaguar/Jaguar XJ/XJ-31-8.jpg,Jaguar XJ,4
./Jaguar/E-PACE/EP-14_1.jpg,E-PACE,0
./Jaguar/Jaguar XE/XE-37_6.jpg,Jaguar XE,2
./Jaguar/F-PACE/FP-33_3.jpg,F-PACE,1
./Jaguar/E-PACE/EP-34-6.jpg,E-PACE,0
./Jaguar/Jaguar XE/XE-10_1.jpg,Jaguar XE,2
./Jaguar/Jaguar XE/XE-1_1.jpg,Jaguar XE,2
./Jaguar/E-PACE/EP-6_3.jpg,E-PACE,0
./Jaguar/Jaguar XJ/XJ-46-4.jpg,Jaguar XJ,4
./Jaguar/Jaguar XE/XE-41_9.jpg,Jaguar XE,2
./Jaguar/F-PACE/FP-31_3.jpg,F-PACE,1
./Jaguar/Jaguar XE/XE-20_9.jpg,Jaguar XE,2
./Jaguar/E-PACE/EP-4_5.jpg,E-PACE,0
./Jaguar/F-PACE/FP-01_10.jpg,F-PACE,1
./Jaguar/Jaguar XF/XF-15_5.jpg,Jaguar XF,3
./Jaguar/Jaguar XF/XF-8_1.jpg,Jaguar XF,3
./Jaguar/Jaguar XE/XE-12_2.jpg,Jaguar XE,2
./Jaguar/Jaguar XF/XF-28_15.jpg,Jaguar XF,3
./Jaguar/Jaguar XF/XF-13_16.jpg,Jaguar XF,3
./Jaguar/Jaguar XE/XE-1_11.jpg,Jaguar XE,2
./Jaguar/F-PACE/FP-35_7.jpg,F-PACE,1
./Jaguar/E-PACE/EP-39-7.jpg,E-PACE,0
./Jaguar/Jaguar XF/XF-18_8.jpg,Jaguar XF,3
./Jaguar/E-PACE/EP-23_3.jpg,E-PACE,0
./Jaguar/F-PACE/FP-15_8.jpg,F-PACE,1
./Jaguar/Jaguar XF/XF-28_11.jpg,Jaguar XF,3
./Jaguar/Jaguar XE/XE-35_13.jpg,Jaguar XE,2
./Jaguar/Jaguar XJ/XJ-27-3.jpg,Jaguar XJ,4
./Jaguar/F-PACE/FP-37_13.jpg,F-PACE,1
./Jaguar/Jaguar XE/XE-41_5.jpg,Jaguar XE,2
./Jaguar/E-PACE/EP-36-4.jpg,E-PACE,0
./Jaguar/Jaguar XF/XF-25_12.jpg,Jaguar XF,3
./Jaguar/Jaguar XJ/XJ-01-4.jpg,Jaguar XJ,4
./Jaguar/Jaguar XE/XE-18_13.jpg,Jaguar XE,2
./Jaguar/F-PACE/FP-30_5.jpg,F-PACE,1
./Jaguar/E-PACE/EP-40-1.jpg,E-PACE,0
./Jaguar/Jaguar XE/XE-4_10.jpg,Jaguar XE,2
./Jaguar/F-PACE/FP-13_15.jpg,F-PACE,1
./Jaguar/Jaguar XJ/XJ-10-1.jpg,Jaguar XJ,4
./Jaguar/E-PACE/EP-34-5.jpg,E-PACE,0
./Jaguar/Jaguar XE/XE-23_4.jpg,Jaguar XE,2
./Jaguar/F-PACE/FP-37_6.jpg,F-PACE,1
./Jaguar/E-PACE/EP-18_8.jpg,E-PACE,0
./Jaguar/F-PACE/FP-41_6.jpg,F-PACE,1
./Jaguar/E-PACE/EP-43-6.jpg,E-PACE,0
./Jaguar/F-PACE/FP-11_3.jpg,F-PACE,1
./Jaguar/E-PACE/EP-41-4.jpg,E-PACE,0
./Jaguar/Jaguar XJ/XJ-16-11.jpg,Jaguar XJ,4
./Jaguar/Jaguar XE/XE-7_9.jpg,Jaguar XE,2
./Jaguar/F-PACE/FP-41_3.jpg,F-PACE,1
./Jaguar/Jaguar XE/XE-32_2.jpg,Jaguar XE,2
./Jaguar/Jaguar XF/XF-34_6.jpg,Jaguar XF,3
./Jaguar/Jaguar XE/XE-2_7.jpg,Jaguar XE,2
./Jaguar/Jaguar XJ/XJ-34-4.jpg,Jaguar XJ,4
./Jaguar/E-PACE/EP-18_7.jpg,E-PACE,0
./Jaguar/Jaguar XF/XF-13_12.jpg,Jaguar XF,3
./Jaguar/Jaguar XE/XE-39_4.jpg,Jaguar XE,2
./Jaguar/Jaguar XE/XE-29_1.jpg,Jaguar XE,2
./Jaguar/Jaguar XJ/XJ-09-1.jpg,Jaguar XJ,4
./Jaguar/E-PACE/EP-41-8.jpg,E-PACE,0
./Jaguar/Jaguar XJ/XJ-41-4.jpg,Jaguar XJ,4
./Jaguar/Jaguar XF/XF-37_5.jpg,Jaguar XF,3
./Jaguar/Jaguar XE/XE-40_2.jpg,Jaguar XE,2
./Jaguar/Jaguar XE/XE-20_7.jpg,Jaguar XE,2
./Jaguar/Jaguar XF/XF-28_2.jpg,Jaguar XF,3
./Jaguar/Jaguar XF/XF-5_5.jpg,Jaguar XF,3
./Jaguar/F-PACE/FP-11_6.jpg,F-PACE,1
./Jaguar/Jaguar XJ/XJ-35-12.jpg,Jaguar XJ,4
./Jaguar/E-PACE/EP-37-9.jpg,E-PACE,0
./Jaguar/E-PACE/EP-26_3.jpg,E-PACE,0
./Jaguar/F-PACE/FP-04_8.jpg,F-PACE,1
./Jaguar/Jaguar XE/XE-10_3.jpg,Jaguar XE,2
./Jaguar/F-PACE/FP-21_2.jpg,F-PACE,1
./Jaguar/Jaguar XF/XF-4_10.jpg,Jaguar XF,3
./Jaguar/F-PACE/FP-21_3.jpg,F-PACE,1
./Jaguar/E-PACE/EP-6_8.jpg,E-PACE,0
./Jaguar/Jaguar XJ/XJ-23-2.jpg,Jaguar XJ,4
./Jaguar/E-PACE/EP-22_11.jpg,E-PACE,0
./Jaguar/Jaguar XE/XE-26_6.jpg,Jaguar XE,2
./Jaguar/Jaguar XF/XF-26_3.jpg,Jaguar XF,3
./Jaguar/F-PACE/FP-24_5.jpg,F-PACE,1
./Jaguar/E-PACE/EP-19_1.jpg,E-PACE,0
./Jaguar/F-PACE/FP-39_9.jpg,F-PACE,1
./Jaguar/F-PACE/FP-30_8.jpg,F-PACE,1
./Jaguar/E-PACE/EP-29-1.jpg,E-PACE,0
./Jaguar/Jaguar XJ/XJ-40-4.jpg,Jaguar XJ,4
./Jaguar/Jaguar XJ/XJ-42-4.jpg,Jaguar XJ,4
./Jaguar/E-PACE/EP-2_5.jpg,E-PACE,0
./Jaguar/E-PACE/EP-33-3.jpg,E-PACE,0
./Jaguar/Jaguar XF/XF-32_9.jpg,Jaguar XF,3
./Jaguar/Jaguar XE/XE-8_5.jpg,Jaguar XE,2
./Jaguar/Jaguar XF/XF-25_16.jpg,Jaguar XF,3
./Jaguar/E-PACE/EP-42-1.jpg,E-PACE,0
./Jaguar/F-PACE/FP-27_8.jpg,F-PACE,1
./Jaguar/Jaguar XJ/XJ-19-7.jpg,Jaguar XJ,4
./Jaguar/F-PACE/FP-17_11.jpg,F-PACE,1
./Jaguar/Jaguar XE/XE-41_13.jpg,Jaguar XE,2
./Jaguar/Jaguar XJ/XJ-17-1.jpg,Jaguar XJ,4
./Jaguar/Jaguar XJ/XJ-27-5.jpg,Jaguar XJ,4
./Jaguar/Jaguar XE/XE-21_7.jpg,Jaguar XE,2
./Jaguar/F-PACE/FP-31_1.jpg,F-PACE,1
./Jaguar/E-PACE/EP-45-8.jpg,E-PACE,0
./Jaguar/Jaguar XJ/XJ-21-6.jpg,Jaguar XJ,4
./Jaguar/F-PACE/FP-28_2.jpeg,F-PACE,1
./Jaguar/Jaguar XE/XE-11_9.jpg,Jaguar XE,2
./Jaguar/Jaguar XF/XF-29_9.jpg,Jaguar XF,3
./Jaguar/E-PACE/EP-29-8.jpg,E-PACE,0
./Jaguar/Jaguar XJ/XJ-29-8.jpg,Jaguar XJ,4
./Jaguar/Jaguar XE/XE-20_5.jpg,Jaguar XE,2
./Jaguar/Jaguar XJ/XJ-29-6.jpg,Jaguar XJ,4
./Jaguar/Jaguar XE/XE-26_8.jpg,Jaguar XE,2
./Jaguar/Jaguar XE/XE-10_6.jpg,Jaguar XE,2
./Jaguar/E-PACE/EP-45-5.jpg,E-PACE,0
./Jaguar/Jaguar XJ/XJ-33-7.jpg,Jaguar XJ,4
./Jaguar/F-PACE/FP-32_2.jpg,F-PACE,1
./Jaguar/Jaguar XJ/XJ-17-4.jpg,Jaguar XJ,4
./Jaguar/Jaguar XF/XF-9_6.jpg,Jaguar XF,3
./Jaguar/E-PACE/EP-33-8.jpg,E-PACE,0
./Jaguar/Jaguar XE/XE-3_13.jpg,Jaguar XE,2
./Jaguar/Jaguar XJ/XJ-18-2.jpg,Jaguar XJ,4
./Jaguar/Jaguar XJ/XJ-20-10.jpg,Jaguar XJ,4
./Jaguar/F-PACE/FP-39_10.jpg,F-PACE,1
./Jaguar/F-PACE/FP-13_14.jpg,F-PACE,1
./Jaguar/E-PACE/EP-31-2.jpg,E-PACE,0
./Jaguar/Jaguar XE/XE-20_1.jpg,Jaguar XE,2
./Jaguar/E-PACE/EP-41-16.jpg,E-PACE,0
./Jaguar/Jaguar XE/XE-26_2.jpg,Jaguar XE,2
./Jaguar/E-PACE/EP-2_9.jpg,E-PACE,0
./Jaguar/Jaguar XF/XF-22_2.jpg,Jaguar XF,3
./Jaguar/Jaguar XE/XE-10_9.jpg,Jaguar XE,2
./Jaguar/E-PACE/EP-16_1.jpg,E-PACE,0
./Jaguar/Jaguar XE/XE-35_5.jpg,Jaguar XE,2
./Jaguar/E-PACE/EP-18_3.jpg,E-PACE,0
./Jaguar/F-PACE/FP-03_1.jpg,F-PACE,1
./Jaguar/Jaguar XE/XE-10_10.jpg,Jaguar XE,2
./Jaguar/Jaguar XJ/XJ-05-6.jpg,Jaguar XJ,4
./Jaguar/E-PACE/EP-37-6.jpg,E-PACE,0
./Jaguar/Jaguar XE/XE-24_5.jpg,Jaguar XE,2
./Jaguar/F-PACE/FP-04_11.jpg,F-PACE,1
./Jaguar/Jaguar XF/XF-3_8.jpg,Jaguar XF,3
./Jaguar/Jaguar XJ/XJ-42-1.jpg,Jaguar XJ,4
./Jaguar/Jaguar XJ/XJ-09-9.jpg,Jaguar XJ,4
./Jaguar/Jaguar XE/XE-6_3.jpg,Jaguar XE,2
./Jaguar/Jaguar XE/XE-37_9.jpg,Jaguar XE,2
./Jaguar/Jaguar XF/XF-13_9.jpg,Jaguar XF,3
./Jaguar/Jaguar XF/XF-2_5.jpg,Jaguar XF,3
./Jaguar/Jaguar XF/XF-7_9.jpg,Jaguar XF,3
./Jaguar/E-PACE/EP-7_1.jpg,E-PACE,0
./Jaguar/F-PACE/FP-35_9.jpg,F-PACE,1
./Jaguar/Jaguar XJ/XJ-33-6.jpg,Jaguar XJ,4
./Jaguar/E-PACE/EP-19_8.jpg,E-PACE,0
./Jaguar/Jaguar XF/XF-23_7.jpg,Jaguar XF,3
./Jaguar/Jaguar XE/XE-33_5.jpg,Jaguar XE,2
./Jaguar/Jaguar XF/XF-17_7.jpg,Jaguar XF,3
./Jaguar/E-PACE/EP-10_5.jpg,E-PACE,0
./Jaguar/F-PACE/FP-25_5.jpg,F-PACE,1
./Jaguar/Jaguar XE/XE-28_2.jpg,Jaguar XE,2
./Jaguar/E-PACE/EP-41-9.jpg,E-PACE,0
./Jaguar/Jaguar XE/XE-10_7.jpg,Jaguar XE,2
./Jaguar/Jaguar XF/XF-4_4.jpg,Jaguar XF,3
./Jaguar/Jaguar XF/XF-14_7.jpg,Jaguar XF,3
./Jaguar/Jaguar XE/XE-26_4.jpg,Jaguar XE,2
./Jaguar/Jaguar XE/XE-20_4.jpg,Jaguar XE,2
./Jaguar/E-PACE/EP-42-2.jpg,E-PACE,0
./Jaguar/Jaguar XE/XE-39_9.jpg,Jaguar XE,2
./Jaguar/E-PACE/EP-19_4.jpg,E-PACE,0
./Jaguar/E-PACE/EP-38-7.jpg,E-PACE,0
./Jaguar/Jaguar XJ/XJ-19-6.jpg,Jaguar XJ,4
./Jaguar/Jaguar XF/XF-38_3.jpg,Jaguar XF,3
./Jaguar/Jaguar XJ/XJ-24-9.jpg,Jaguar XJ,4
./Jaguar/Jaguar XJ/XJ-17-2.jpg,Jaguar XJ,4
./Jaguar/Jaguar XJ/XJ-39-8.jpg,Jaguar XJ,4
./Jaguar/F-PACE/FP-39_6.jpg,F-PACE,1
./Jaguar/Jaguar XE/XE-40_1.jpg,Jaguar XE,2
./Jaguar/Jaguar XE/XE-22_3.jpg,Jaguar XE,2
./Jaguar/Jaguar XJ/XJ-37-1.jpg,Jaguar XJ,4
./Jaguar/F-PACE/FP-19_1.jpg,F-PACE,1
./Jaguar/Jaguar XE/XE-10_8.jpg,Jaguar XE,2
./Jaguar/Jaguar XJ/XJ-31-7.jpg,Jaguar XJ,4
./Jaguar/Jaguar XF/XF-16_5.jpg,Jaguar XF,3
./Jaguar/E-PACE/EP-15_6.jpg,E-PACE,0
./Jaguar/Jaguar XE/XE-18_2.jpg,Jaguar XE,2
./Jaguar/F-PACE/FP-23_2.jpg,F-PACE,1
./Jaguar/Jaguar XE/XE-32_4.jpg,Jaguar XE,2
./Jaguar/E-PACE/EP-1_8.jpg,E-PACE,0
./Jaguar/Jaguar XE/XE-3_11.jpg,Jaguar XE,2
./Jaguar/Jaguar XF/XF-30_4.jpg,Jaguar XF,3
./Jaguar/Jaguar XE/XE-7_1.jpg,Jaguar XE,2
./Jaguar/Jaguar XE/XE-25_5.jpg,Jaguar XE,2
./Jaguar/F-PACE/FP-04_10.jpg,F-PACE,1
./Jaguar/F-PACE/FP-06_5.jpg,F-PACE,1
./Jaguar/Jaguar XF/XF-10_8.jpg,Jaguar XF,3
./Jaguar/Jaguar XE/XE-9_4.jpg,Jaguar XE,2
./Jaguar/E-PACE/EP-1_9.jpg,E-PACE,0
./Jaguar/E-PACE/EP-10_3.jpg,E-PACE,0
./Jaguar/F-PACE/FP-37_8.jpg,F-PACE,1
./Jaguar/Jaguar XF/XF-13_10.jpg,Jaguar XF,3
./Jaguar/Jaguar XF/XF-28_16.jpg,Jaguar XF,3
./Jaguar/F-PACE/FP-35_5.jpg,F-PACE,1
./Jaguar/F-PACE/FP-11_4.jpg,F-PACE,1
./Jaguar/Jaguar XE/XE-37_3.jpg,Jaguar XE,2
./Jaguar/Jaguar XF/XF-19_1.jpg,Jaguar XF,3
./Jaguar/Jaguar XE/XE-20_3.jpg,Jaguar XE,2
./Jaguar/Jaguar XF/XF-10_10.jpg,Jaguar XF,3
./Jaguar/Jaguar XJ/XJ-37-7.jpg,Jaguar XJ,4
./Jaguar/Jaguar XF/XF-35_6.jpg,Jaguar XF,3
./Jaguar/Jaguar XJ/XJ-36-11.jpg,Jaguar XJ,4
./Jaguar/Jaguar XE/XE-35_4.jpg,Jaguar XE,2
./Jaguar/Jaguar XJ/XJ-36-15.jpg,Jaguar XJ,4
./Jaguar/Jaguar XF/XF-27_7.jpg,Jaguar XF,3
./Jaguar/F-PACE/FP-15_9.jpg,F-PACE,1
./Jaguar/Jaguar XJ/XJ-04-12.jpg,Jaguar XJ,4
./Jaguar/F-PACE/FP-12_2.jpg,F-PACE,1
./Jaguar/Jaguar XF/XF-20_2.jpg,Jaguar XF,3
./Jaguar/Jaguar XF/XF-31_4.jpg,Jaguar XF,3
./Jaguar/E-PACE/EP-26_7.jpg,E-PACE,0
./Jaguar/E-PACE/EP-36-6.jpg,E-PACE,0
./Jaguar/Jaguar XF/XF-30_8.jpg,Jaguar XF,3
./Jaguar/E-PACE/EP-29-5.jpg,E-PACE,0
./Jaguar/Jaguar XJ/XJ-29-2.jpg,Jaguar XJ,4
./Jaguar/Jaguar XE/XE-20_2.jpg,Jaguar XE,2
./Jaguar/Jaguar XF/XF-12_1.jpg,Jaguar XF,3
./Jaguar/E-PACE/EP-20_1.jpg,E-PACE,0
./Jaguar/Jaguar XE/XE-23_7.jpg,Jaguar XE,2
./Jaguar/Jaguar XE/XE-6_8.jpg,Jaguar XE,2
./Jaguar/E-PACE/EP-16_14.jpg,E-PACE,0
./Jaguar/E-PACE/EP-37-11.jpg,E-PACE,0
./Jaguar/F-PACE/FP-03_4.jpg,F-PACE,1
./Jaguar/E-PACE/EP-3_9.jpg,E-PACE,0
./Jaguar/Jaguar XE/XE-24_14.jpg,Jaguar XE,2
./Jaguar/E-PACE/EP-20_2.jpg,E-PACE,0
./Jaguar/E-PACE/EP-45-3.jpg,E-PACE,0
./Jaguar/Jaguar XF/XF-11_10.jpg,Jaguar XF,3
./Jaguar/F-PACE/FP-36_18.jpg,F-PACE,1
./Jaguar/Jaguar XE/XE-5_6.jpg,Jaguar XE,2
./Jaguar/Jaguar XE/XE-11_3.jpg,Jaguar XE,2
./Jaguar/Jaguar XE/XE-22_1.jpg,Jaguar XE,2
./Jaguar/Jaguar XJ/XJ-06-2.jpg,Jaguar XJ,4
./Jaguar/Jaguar XJ/XJ-32-3.jpg,Jaguar XJ,4
./Jaguar/Jaguar XE/XE-18_6.jpg,Jaguar XE,2
./Jaguar/Jaguar XF/XF-1_1.jpg,Jaguar XF,3
./Jaguar/Jaguar XF/XF-16_1.jpg,Jaguar XF,3
./Jaguar/Jaguar XF/XF-21_7.jpg,Jaguar XF,3
./Jaguar/Jaguar XE/XE-27_4.jpg,Jaguar XE,2
./Jaguar/Jaguar XE/XE-13_2.jpg,Jaguar XE,2
./Jaguar/F-PACE/FP-24_1.jpg,F-PACE,1
./Jaguar/Jaguar XF/XF-5_6.jpg,Jaguar XF,3
./Jaguar/Jaguar XE/XE-35_8.jpg,Jaguar XE,2
./Jaguar/E-PACE/EP-22_7.jpg,E-PACE,0
./Jaguar/Jaguar XF/XF-13_13.jpg,Jaguar XF,3
./Jaguar/F-PACE/FP-05_3.jpg,F-PACE,1
./Jaguar/E-PACE/EP-9_1.jpg,E-PACE,0
./Jaguar/E-PACE/EP-5_4.jpg,E-PACE,0
./Jaguar/Jaguar XF/XF-30_1.jpg,Jaguar XF,3
./Jaguar/Jaguar XJ/XJ-10-9.jpg,Jaguar XJ,4
./Jaguar/Jaguar XJ/XJ-37-3.jpg,Jaguar XJ,4
./Jaguar/F-PACE/FP-18_1.jpg,F-PACE,1
./Jaguar/Jaguar XE/XE-24_17.jpg,Jaguar XE,2
./Jaguar/E-PACE/EP-1_2.jpg,E-PACE,0
./Jaguar/Jaguar XF/XF-6_1.jpg,Jaguar XF,3
./Jaguar/Jaguar XJ/XJ-03-5.jpg,Jaguar XJ,4
./Jaguar/Jaguar XF/XF-1_10.jpg,Jaguar XF,3
./Jaguar/Jaguar XJ/XJ-03-7.jpg,Jaguar XJ,4
./Jaguar/E-PACE/EP-41-15.jpg,E-PACE,0
./Jaguar/Jaguar XF/XF-39_7.jpg,Jaguar XF,3
./Jaguar/Jaguar XE/XE-18_15.jpg,Jaguar XE,2
./Jaguar/Jaguar XF/XF-6_9.jpg,Jaguar XF,3
./Jaguar/Jaguar XJ/XJ-29-7.jpg,Jaguar XJ,4
./Jaguar/Jaguar XF/XF-10_7.jpg,Jaguar XF,3
./Jaguar/Jaguar XJ/XJ-33-2.jpg,Jaguar XJ,4
./Jaguar/Jaguar XE/XE-14_1.jpg,Jaguar XE,2
./Jaguar/Jaguar XE/XE-39_2.jpg,Jaguar XE,2
./Jaguar/Jaguar XJ/XJ-18-9.jpg,Jaguar XJ,4
./Jaguar/F-PACE/FP-35_4.jpg,F-PACE,1
./Jaguar/E-PACE/EP-30-6.jpg,E-PACE,0
./Jaguar/F-PACE/FP-08_2.jpg,F-PACE,1
./Jaguar/F-PACE/FP-10_7.jpg,F-PACE,1
./Jaguar/Jaguar XF/XF-19_11.jpg,Jaguar XF,3
./Jaguar/Jaguar XF/XF-2_3.jpg,Jaguar XF,3
./Jaguar/Jaguar XE/XE-13_4.jpg,Jaguar XE,2
./Jaguar/E-PACE/EP-40-8.jpg,E-PACE,0
./Jaguar/E-PACE/EP-16_16.jpg,E-PACE,0
./Jaguar/Jaguar XE/XE-11_7.jpg,Jaguar XE,2
./Jaguar/E-PACE/EP-10_13.jpg,E-PACE,0
./Jaguar/E-PACE/EP-16_5.jpg,E-PACE,0
./Jaguar/Jaguar XF/XF-13_8.jpg,Jaguar XF,3
./Jaguar/Jaguar XE/XE-24_4.jpg,Jaguar XE,2
./Jaguar/Jaguar XJ/XJ-45-8.jpg,Jaguar XJ,4
./Jaguar/F-PACE/FP-30_6.jpg,F-PACE,1
./Jaguar/Jaguar XF/XF-9_15.jpg,Jaguar XF,3
./Jaguar/Jaguar XJ/XJ-31-2.jpg,Jaguar XJ,4
./Jaguar/E-PACE/EP-22_10.jpg,E-PACE,0
./Jaguar/E-PACE/EP-43-4.jpg,E-PACE,0
./Jaguar/F-PACE/FP-38_9.jpg,F-PACE,1
./Jaguar/Jaguar XF/XF-25_2.jpg,Jaguar XF,3
./Jaguar/Jaguar XJ/XJ-13-8.jpg,Jaguar XJ,4
./Jaguar/Jaguar XJ/XJ-19-8.jpg,Jaguar XJ,4
./Jaguar/Jaguar XE/XE-15_9.jpg,Jaguar XE,2
./Jaguar/E-PACE/EP-20_8.jpg,E-PACE,0
./Jaguar/Jaguar XE/XE-27_3.jpg,Jaguar XE,2
./Jaguar/Jaguar XF/XF-12_5.jpg,Jaguar XF,3
./Jaguar/E-PACE/EP-42-9.jpg,E-PACE,0
./Jaguar/Jaguar XE/XE-17_4.jpg,Jaguar XE,2
./Jaguar/E-PACE/EP-11_1.jpg,E-PACE,0
./Jaguar/Jaguar XE/XE-5_10.jpg,Jaguar XE,2
./Jaguar/Jaguar XE/XE-31_6.jpg,Jaguar XE,2
./Jaguar/F-PACE/FP-10_1.jpg,F-PACE,1
./Jaguar/E-PACE/EP-2_1.jpg,E-PACE,0
./Jaguar/F-PACE/FP-17_3.jpg,F-PACE,1
./Jaguar/F-PACE/FP-08_7.jpg,F-PACE,1
./Jaguar/F-PACE/FP-39_3.jpg,F-PACE,1
./Jaguar/Jaguar XJ/XJ-35-7.jpg,Jaguar XJ,4
./Jaguar/E-PACE/EP-6_12.jpg,E-PACE,0
./Jaguar/E-PACE/EP-43-11.jpg,E-PACE,0
./Jaguar/Jaguar XJ/XJ-18-3.jpg,Jaguar XJ,4
./Jaguar/F-PACE/FP-36_1.jpg,F-PACE,1
./Jaguar/F-PACE/FP-21_13.jpg,F-PACE,1
./Jaguar/Jaguar XE/XE-34_4.jpg,Jaguar XE,2
./Jaguar/E-PACE/EP-25_4.jpg,E-PACE,0
./Jaguar/Jaguar XF/XF-4_8.jpg,Jaguar XF,3
./Jaguar/F-PACE/FP-07_3.jpg,F-PACE,1
./Jaguar/Jaguar XF/XF-16_2.jpg,Jaguar XF,3
./Jaguar/E-PACE/EP-16_13.jpg,E-PACE,0
./Jaguar/E-PACE/EP-8_2.jpg,E-PACE,0
./Jaguar/E-PACE/EP-2_4.jpg,E-PACE,0
./Jaguar/Jaguar XE/XE-26_5.jpg,Jaguar XE,2
./Jaguar/E-PACE/EP-10_2.jpg,E-PACE,0
./Jaguar/Jaguar XF/XF-37_6.jpg,Jaguar XF,3
./Jaguar/Jaguar XF/XF-11_7.jpg,Jaguar XF,3
./Jaguar/Jaguar XF/XF-28_20.jpg,Jaguar XF,3
./Jaguar/Jaguar XJ/XJ-38-5.jpg,Jaguar XJ,4
./Jaguar/F-PACE/FP-39_13.jpg,F-PACE,1
./Jaguar/F-PACE/FP-33_12.jpg,F-PACE,1
./Jaguar/Jaguar XE/XE-37_8.jpg,Jaguar XE,2
./Jaguar/Jaguar XE/XE-3_7.jpg,Jaguar XE,2
./Jaguar/Jaguar XE/XE-22_2.jpg,Jaguar XE,2
./Jaguar/E-PACE/EP-46-8.jpg,E-PACE,0
./Jaguar/Jaguar XJ/XJ-10-3.jpg,Jaguar XJ,4
./Jaguar/E-PACE/EP-8_8.jpg,E-PACE,0
./Jaguar/Jaguar XF/XF-36_6.jpg,Jaguar XF,3
./Jaguar/Jaguar XF/XF-9_14.jpg,Jaguar XF,3
./Jaguar/Jaguar XF/XF-13_2.jpg,Jaguar XF,3
./Jaguar/E-PACE/EP-15_4.jpg,E-PACE,0
./Jaguar/Jaguar XE/XE-8_3.jpg,Jaguar XE,2
./Jaguar/Jaguar XF/XF-11_3.jpg,Jaguar XF,3
./Jaguar/Jaguar XJ/XJ-24-5.jpg,Jaguar XJ,4
./Jaguar/Jaguar XE/XE-23_6.jpg,Jaguar XE,2
./Jaguar/E-PACE/EP-46-7.jpg,E-PACE,0
./Jaguar/F-PACE/FP-17_1.jpg,F-PACE,1
./Jaguar/E-PACE/EP-10_10.jpg,E-PACE,0
./Jaguar/E-PACE/EP-22_5.jpg,E-PACE,0
./Jaguar/E-PACE/EP-24_9.jpg,E-PACE,0
./Jaguar/Jaguar XJ/XJ-36-16.jpg,Jaguar XJ,4
./Jaguar/E-PACE/EP-1_12.jpg,E-PACE,0
./Jaguar/F-PACE/FP-23_9.jpg,F-PACE,1
./Jaguar/E-PACE/EP-40-7.jpg,E-PACE,0
./Jaguar/Jaguar XE/XE-15_1.jpg,Jaguar XE,2
./Jaguar/E-PACE/EP-10_4.jpg,E-PACE,0
./Jaguar/F-PACE/FP-40_6.jpg,F-PACE,1
./Jaguar/E-PACE/EP-36-10.jpg,E-PACE,0
./Jaguar/E-PACE/EP-28-3.jpg,E-PACE,0
./Jaguar/Jaguar XJ/XJ-06-3.jpg,Jaguar XJ,4
./Jaguar/Jaguar XF/XF-20_3.jpg,Jaguar XF,3
./Jaguar/Jaguar XJ/XJ-31-4.jpg,Jaguar XJ,4
./Jaguar/Jaguar XE/XE-35_2.jpg,Jaguar XE,2
./Jaguar/Jaguar XJ/XJ-29-9.jpg,Jaguar XJ,4
./Jaguar/Jaguar XE/XE-6_1.jpg,Jaguar XE,2
./Jaguar/F-PACE/FP-23_6.jpg,F-PACE,1
./Jaguar/Jaguar XE/XE-36_1.jpg,Jaguar XE,2
./Jaguar/E-PACE/EP-32-6.jpg,E-PACE,0
./Jaguar/F-PACE/FP-07_2.jpg,F-PACE,1
./Jaguar/E-PACE/EP-42-6.jpg,E-PACE,0
./Jaguar/E-PACE/EP-28-4.jpg,E-PACE,0
./Jaguar/Jaguar XJ/XJ-44-6.jpg,Jaguar XJ,4
./Jaguar/Jaguar XJ/XJ-10-5.jpg,Jaguar XJ,4
./Jaguar/Jaguar XE/XE-2_3.jpg,Jaguar XE,2
./Jaguar/F-PACE/FP-23_8.jpg,F-PACE,1
./Jaguar/E-PACE/EP-32-8.jpg,E-PACE,0
./Jaguar/Jaguar XF/XF-33_8.jpg,Jaguar XF,3
./Jaguar/Jaguar XJ/XJ-24-2.jpg,Jaguar XJ,4
./Jaguar/Jaguar XF/XF-26_6.jpg,Jaguar XF,3
./Jaguar/F-PACE/FP-28_1.jpg,F-PACE,1
./Jaguar/Jaguar XJ/XJ-21-5.jpg,Jaguar XJ,4
./Jaguar/F-PACE/FP-13_4.jpg,F-PACE,1
./Jaguar/Jaguar XF/XF-28_8.jpg,Jaguar XF,3
./Jaguar/Jaguar XE/XE-1_4.jpg,Jaguar XE,2
./Jaguar/Jaguar XE/XE-30_2.jpg,Jaguar XE,2
./Jaguar/F-PACE/FP-04_9.jpg,F-PACE,1
./Jaguar/Jaguar XJ/XJ-14-3.jpg,Jaguar XJ,4
./Jaguar/E-PACE/EP-22_8.jpg,E-PACE,0
./Jaguar/Jaguar XJ/XJ-36-13.jpg,Jaguar XJ,4
./Jaguar/Jaguar XJ/XJ-08-7.jpg,Jaguar XJ,4
./Jaguar/E-PACE/EP-17_6.jpg,E-PACE,0
./Jaguar/E-PACE/EP-3_14.jpg,E-PACE,0
./Jaguar/Jaguar XE/XE-21_4.jpg,Jaguar XE,2
./Jaguar/E-PACE/EP-2_8.jpg,E-PACE,0
./Jaguar/Jaguar XJ/XJ-06-4.jpg,Jaguar XJ,4
./Jaguar/Jaguar XE/XE-10_2.jpg,Jaguar XE,2
./Jaguar/Jaguar XJ/XJ-13-5.jpg,Jaguar XJ,4
./Jaguar/Jaguar XF/XF-10_11.jpg,Jaguar XF,3
./Jaguar/Jaguar XJ/XJ-02-6.jpg,Jaguar XJ,4
./Jaguar/Jaguar XF/XF-14_4.jpg,Jaguar XF,3
./Jaguar/Jaguar XE/XE-28_7.jpg,Jaguar XE,2
./Jaguar/Jaguar XF/XF-13_7.jpg,Jaguar XF,3
./Jaguar/Jaguar XF/XF-30_9.jpg,Jaguar XF,3
./Jaguar/Jaguar XF/XF-14_3.jpg,Jaguar XF,3
./Jaguar/F-PACE/FP-33_11.jpg,F-PACE,1
./Jaguar/Jaguar XF/XF-28_3.jpg,Jaguar XF,3
./Jaguar/E-PACE/EP-43-9.jpg,E-PACE,0
./Jaguar/Jaguar XE/XE-16_6.jpg,Jaguar XE,2
./Jaguar/Jaguar XF/XF-39_8.jpg,Jaguar XF,3
./Jaguar/E-PACE/EP-9_11.jpg,E-PACE,0
./Jaguar/Jaguar XJ/XJ-35-8.jpg,Jaguar XJ,4
./Jaguar/E-PACE/EP-12_6.jpg,E-PACE,0
./Jaguar/F-PACE/FP-36_17.jpg,F-PACE,1
./Jaguar/E-PACE/EP-3_1.jpg,E-PACE,0
./Jaguar/Jaguar XF/XF-23_10.jpg,Jaguar XF,3
./Jaguar/Jaguar XJ/XJ-42-2.jpg,Jaguar XJ,4
./Jaguar/Jaguar XF/XF-7_6.jpg,Jaguar XF,3
./Jaguar/E-PACE/EP-35-2.jpg,E-PACE,0
./Jaguar/Jaguar XE/XE-17_8.jpg,Jaguar XE,2
./Jaguar/F-PACE/FP-21_5.jpg,F-PACE,1
./Jaguar/Jaguar XJ/XJ-40-5.jpg,Jaguar XJ,4
./Jaguar/E-PACE/EP-16_3.jpg,E-PACE,0
./Jaguar/Jaguar XE/XE-7_7.jpg,Jaguar XE,2
./Jaguar/Jaguar XJ/XJ-02-4.jpg,Jaguar XJ,4
./Jaguar/F-PACE/FP-33_19.jpg,F-PACE,1
./Jaguar/Jaguar XF/XF-31_1.jpg,Jaguar XF,3
./Jaguar/Jaguar XE/XE-25_1.jpg,Jaguar XE,2
./Jaguar/Jaguar XE/XE-15_4.jpg,Jaguar XE,2
./Jaguar/Jaguar XF/XF-37_13.jpg,Jaguar XF,3
./Jaguar/Jaguar XF/XF-1_7.jpg,Jaguar XF,3
./Jaguar/Jaguar XF/XF-36_4.jpg,Jaguar XF,3
./Jaguar/Jaguar XJ/XJ-38-7.jpg,Jaguar XJ,4
./Jaguar/Jaguar XE/XE-39_10.jpg,Jaguar XE,2
./Jaguar/F-PACE/FP-10_2.jpg,F-PACE,1
./Jaguar/Jaguar XF/XF-25_4.jpg,Jaguar XF,3
./Jaguar/Jaguar XF/XF-33_5.jpg,Jaguar XF,3
./Jaguar/E-PACE/EP-12_4.jpg,E-PACE,0
./Jaguar/Jaguar XJ/XJ-32-13.jpg,Jaguar XJ,4
./Jaguar/F-PACE/FP-36_19.jpg,F-PACE,1
./Jaguar/F-PACE/FP-38_8.jpg,F-PACE,1
./Jaguar/Jaguar XF/XF-38_7.jpg,Jaguar XF,3
./Jaguar/F-PACE/FP-19_2.jpg,F-PACE,1
./Jaguar/Jaguar XJ/XJ-25-3.jpg,Jaguar XJ,4
./Jaguar/Jaguar XE/XE-8_8.jpg,Jaguar XE,2
./Jaguar/F-PACE/FP-33_15.jpg,F-PACE,1
./Jaguar/Jaguar XJ/XJ-20-12.jpg,Jaguar XJ,4
./Jaguar/Jaguar XE/XE-30_6.jpg,Jaguar XE,2
./Jaguar/Jaguar XF/XF-24_7.jpg,Jaguar XF,3
./Jaguar/F-PACE/FP-25_2.jpg,F-PACE,1
./Jaguar/Jaguar XE/XE-39_11.jpg,Jaguar XE,2
./Jaguar/Jaguar XF/XF-31_2.jpg,Jaguar XF,3
./Jaguar/E-PACE/EP-3_10.jpg,E-PACE,0
./Jaguar/Jaguar XJ/XJ-06-1.jpg,Jaguar XJ,4
./Jaguar/E-PACE/EP-35-1.jpg,E-PACE,0
./Jaguar/E-PACE/EP-33-4.jpg,E-PACE,0
./Jaguar/Jaguar XE/XE-32_6.jpg,Jaguar XE,2
./Jaguar/Jaguar XF/XF-24_6.jpg,Jaguar XF,3
./Jaguar/Jaguar XF/XF-37_7.jpg,Jaguar XF,3
./Jaguar/F-PACE/FP-21_15.jpg,F-PACE,1
./Jaguar/Jaguar XF/XF-37_8.jpg,Jaguar XF,3
./Jaguar/F-PACE/FP-05_8.jpg,F-PACE,1
./Jaguar/Jaguar XJ/XJ-40-6.jpg,Jaguar XJ,4
./Jaguar/F-PACE/FP-41_7.jpg,F-PACE,1
./Jaguar/F-PACE/FP-18_11.jpg,F-PACE,1
./Jaguar/Jaguar XF/XF-12_9.jpg,Jaguar XF,3
./Jaguar/E-PACE/EP-9_7.jpg,E-PACE,0
./Jaguar/F-PACE/FP-07_5.jpg,F-PACE,1
./Jaguar/Jaguar XJ/XJ-44-3.jpg,Jaguar XJ,4
./Jaguar/Jaguar XE/XE-36_7.jpg,Jaguar XE,2
./Jaguar/F-PACE/FP-14_8.jpg,F-PACE,1
./Jaguar/F-PACE/FP-37_4.jpg,F-PACE,1
./Jaguar/F-PACE/FP-39_8.jpg,F-PACE,1
./Jaguar/F-PACE/FP-06_10.jpg,F-PACE,1
./Jaguar/Jaguar XJ/XJ-38-2.jpg,Jaguar XJ,4
./Jaguar/F-PACE/FP-17_10.jpg,F-PACE,1
./Jaguar/F-PACE/FP-06_6.jpg,F-PACE,1
./Jaguar/Jaguar XF/XF-15_6.jpg,Jaguar XF,3
./Jaguar/E-PACE/EP-35-5.jpg,E-PACE,0
./Jaguar/E-PACE/EP-43-7.jpg,E-PACE,0
./Jaguar/Jaguar XF/XF-3_5.jpg,Jaguar XF,3
./Jaguar/Jaguar XJ/XJ-15-1.jpg,Jaguar XJ,4
./Jaguar/F-PACE/FP-32_6.jpg,F-PACE,1
./Jaguar/Jaguar XJ/XJ-38-1.jpg,Jaguar XJ,4
./Jaguar/Jaguar XF/XF-37_12.jpg,Jaguar XF,3
./Jaguar/Jaguar XE/XE-25_2.jpg,Jaguar XE,2
./Jaguar/Jaguar XF/XF-34_2.jpg,Jaguar XF,3
./Jaguar/Jaguar XF/XF-2_1.jpg,Jaguar XF,3
./Jaguar/E-PACE/EP-40-2.jpg,E-PACE,0
./Jaguar/Jaguar XJ/XJ-04-10.jpg,Jaguar XJ,4
./Jaguar/Jaguar XF/XF-22_3.jpg,Jaguar XF,3
./Jaguar/Jaguar XJ/XJ-32-2.jpg,Jaguar XJ,4
./Jaguar/Jaguar XJ/XJ-03-2.jpg,Jaguar XJ,4
./Jaguar/Jaguar XE/XE-28_8.jpg,Jaguar XE,2
./Jaguar/Jaguar XJ/XJ-32-17.jpg,Jaguar XJ,4
./Jaguar/E-PACE/EP-3_6.jpg,E-PACE,0
./Jaguar/Jaguar XF/XF-28_10.jpg,Jaguar XF,3
./Jaguar/E-PACE/EP-38-1.jpg,E-PACE,0
./Jaguar/Jaguar XJ/XJ-30-2.jpg,Jaguar XJ,4
./Jaguar/Jaguar XJ/XJ-36-1.jpg,Jaguar XJ,4
./Jaguar/Jaguar XE/XE-17_9.jpg,Jaguar XE,2
./Jaguar/Jaguar XE/XE-11_5.jpg,Jaguar XE,2
./Jaguar/Jaguar XJ/XJ-11-1.jpg,Jaguar XJ,4
./Jaguar/Jaguar XJ/XJ-20-11.jpg,Jaguar XJ,4
./Jaguar/E-PACE/EP-19_2.jpg,E-PACE,0
./Jaguar/Jaguar XF/XF-41_3.jpg,Jaguar XF,3
./Jaguar/Jaguar XF/XF-32_2.jpg,Jaguar XF,3
./Jaguar/E-PACE/EP-8_5.jpg,E-PACE,0
./Jaguar/F-PACE/FP-33_16.jpg,F-PACE,1
./Jaguar/E-PACE/EP-39-2.jpg,E-PACE,0
./Jaguar/Jaguar XJ/XJ-32-1.jpg,Jaguar XJ,4
./Jaguar/F-PACE/FP-36_9.jpg,F-PACE,1
./Jaguar/E-PACE/EP-27_2.jpg,E-PACE,0
./Jaguar/E-PACE/EP-5_5.jpg,E-PACE,0
./Jaguar/E-PACE/EP-21_3.jpg,E-PACE,0
./Jaguar/Jaguar XE/XE-5_2.jpg,Jaguar XE,2
./Jaguar/F-PACE/FP-26_5.jpg,F-PACE,1
./Jaguar/Jaguar XF/XF-10_12.jpg,Jaguar XF,3
./Jaguar/Jaguar XJ/XJ-14-7.jpg,Jaguar XJ,4
./Jaguar/Jaguar XJ/XJ-09-6.jpg,Jaguar XJ,4
./Jaguar/Jaguar XJ/XJ-43-4.jpg,Jaguar XJ,4
./Jaguar/Jaguar XJ/XJ-16-2.jpg,Jaguar XJ,4
./Jaguar/Jaguar XE/XE-22_8.jpg,Jaguar XE,2
./Jaguar/F-PACE/FP-04_2.jpg,F-PACE,1
./Jaguar/Jaguar XJ/XJ-04-7.jpg,Jaguar XJ,4
./Jaguar/Jaguar XJ/XJ-20-7.jpg,Jaguar XJ,4
./Jaguar/E-PACE/EP-42-14.jpg,E-PACE,0
./Jaguar/F-PACE/FP-13_2.jpg,F-PACE,1
./Jaguar/Jaguar XE/XE-9_3.jpg,Jaguar XE,2
./Jaguar/F-PACE/FP-01_5.jpg,F-PACE,1
./Jaguar/Jaguar XJ/XJ-14-2.jpg,Jaguar XJ,4
./Jaguar/F-PACE/FP-20_4.jpg,F-PACE,1
./Jaguar/Jaguar XF/XF-17_8.jpg,Jaguar XF,3
./Jaguar/F-PACE/FP-36_10.jpg,F-PACE,1
./Jaguar/Jaguar XJ/XJ-16-5.jpg,Jaguar XJ,4
./Jaguar/Jaguar XJ/XJ-45-7.jpg,Jaguar XJ,4
./Jaguar/E-PACE/EP-6_10.jpg,E-PACE,0
./Jaguar/F-PACE/FP-38_3.jpg,F-PACE,1
./Jaguar/F-PACE/FP-29_5.jpg,F-PACE,1
./Jaguar/Jaguar XJ/XJ-07-7.jpg,Jaguar XJ,4
./Jaguar/E-PACE/EP-45-2.jpg,E-PACE,0
./Jaguar/Jaguar XF/XF-27_5.jpg,Jaguar XF,3
./Jaguar/E-PACE/EP-1_3.jpg,E-PACE,0
./Jaguar/Jaguar XF/XF-30_3.jpg,Jaguar XF,3
./Jaguar/Jaguar XJ/XJ-40-7.jpg,Jaguar XJ,4
./Jaguar/Jaguar XJ/XJ-43-6.jpg,Jaguar XJ,4
./Jaguar/Jaguar XE/XE-18_5.jpg,Jaguar XE,2
./Jaguar/E-PACE/EP-12_1.jpg,E-PACE,0
./Jaguar/F-PACE/FP-33_20.jpg,F-PACE,1
./Jaguar/F-PACE/FP-13_9.jpg,F-PACE,1
./Jaguar/F-PACE/FP-18_6.jpg,F-PACE,1
./Jaguar/Jaguar XE/XE-18_11.jpg,Jaguar XE,2
./Jaguar/F-PACE/FP-36_12.jpg,F-PACE,1
./Jaguar/Jaguar XF/XF-14_6.jpg,Jaguar XF,3
./Jaguar/Jaguar XJ/XJ-06-8.jpg,Jaguar XJ,4
./Jaguar/E-PACE/EP-7_13.jpg,E-PACE,0
./Jaguar/F-PACE/FP-17_12.jpg,F-PACE,1
./Jaguar/Jaguar XJ/XJ-38-4.jpg,Jaguar XJ,4
./Jaguar/Jaguar XE/XE-11_6.jpg,Jaguar XE,2
./Jaguar/Jaguar XF/XF-29_8.jpg,Jaguar XF,3
./Jaguar/F-PACE/FP-07_4.jpg,F-PACE,1
./Jaguar/E-PACE/EP-1_10.jpg,E-PACE,0
./Jaguar/F-PACE/FP-41_2.jpg,F-PACE,1
./Jaguar/Jaguar XF/XF-32_3.jpg,Jaguar XF,3
./Jaguar/Jaguar XE/XE-7_8.jpg,Jaguar XE,2
./Jaguar/E-PACE/EP-34-3.jpg,E-PACE,0
./Jaguar/Jaguar XE/XE-4_7.jpg,Jaguar XE,2
./Jaguar/Jaguar XE/XE-27_8.jpg,Jaguar XE,2
./Jaguar/Jaguar XE/XE-20_6.jpg,Jaguar XE,2
./Jaguar/F-PACE/FP-36_11.jpg,F-PACE,1
./Jaguar/Jaguar XF/XF-8_2.jpg,Jaguar XF,3
./Jaguar/Jaguar XJ/XJ-07-9.jpg,Jaguar XJ,4
./Jaguar/Jaguar XE/XE-3_4.jpg,Jaguar XE,2
./Jaguar/E-PACE/EP-46-2.jpg,E-PACE,0
./Jaguar/Jaguar XJ/XJ-28-8.jpg,Jaguar XJ,4
./Jaguar/Jaguar XF/XF-24_4.jpg,Jaguar XF,3
./Jaguar/E-PACE/EP-41-12.jpg,E-PACE,0
./Jaguar/Jaguar XF/XF-23_8.jpg,Jaguar XF,3
./Jaguar/F-PACE/FP-08_6.jpg,F-PACE,1
./Jaguar/Jaguar XF/XF-24_8.jpg,Jaguar XF,3
./Jaguar/Jaguar XE/XE-26_9.jpg,Jaguar XE,2
./Jaguar/F-PACE/FP-03_7.jpg,F-PACE,1
./Jaguar/Jaguar XE/XE-5_9.jpg,Jaguar XE,2
./Jaguar/F-PACE/FP-12_6.jpg,F-PACE,1
./Jaguar/Jaguar XE/XE-7_4.jpg,Jaguar XE,2
./Jaguar/Jaguar XF/XF-21_9.jpg,Jaguar XF,3
./Jaguar/Jaguar XJ/XJ-07-1.jpg,Jaguar XJ,4
./Jaguar/F-PACE/FP-07_9.jpg,F-PACE,1
./Jaguar/Jaguar XE/XE-13_5.jpg,Jaguar XE,2
./Jaguar/Jaguar XJ/XJ-31-1.jpg,Jaguar XJ,4
./Jaguar/Jaguar XJ/XJ-22-4.jpg,Jaguar XJ,4
./Jaguar/E-PACE/EP-14_2.jpg,E-PACE,0
./Jaguar/Jaguar XJ/XJ-01-5.jpg,Jaguar XJ,4
./Jaguar/Jaguar XE/XE-24_21.jpg,Jaguar XE,2
./Jaguar/F-PACE/FP-36_5.jpg,F-PACE,1
./Jaguar/F-PACE/FP-36_6.jpg,F-PACE,1
./Jaguar/Jaguar XF/XF-10_4.jpg,Jaguar XF,3
./Jaguar/Jaguar XE/XE-19_1.jpg,Jaguar XE,2
./Jaguar/F-PACE/FP-15_10.jpg,F-PACE,1
./Jaguar/E-PACE/EP-29-9.jpg,E-PACE,0
./Jaguar/E-PACE/EP-1_7.jpg,E-PACE,0
./Jaguar/Jaguar XJ/XJ-05-4.jpg,Jaguar XJ,4
./Jaguar/Jaguar XF/XF-18_7.jpg,Jaguar XF,3
./Jaguar/F-PACE/FP-30_4.jpg,F-PACE,1
./Jaguar/Jaguar XJ/XJ-02-5.jpg,Jaguar XJ,4
./Jaguar/Jaguar XF/XF-27_9.jpg,Jaguar XF,3
./Jaguar/Jaguar XF/XF-9_2.jpg,Jaguar XF,3
./Jaguar/F-PACE/FP-26_4.jpg,F-PACE,1
./Jaguar/Jaguar XJ/XJ-32-8.jpg,Jaguar XJ,4
./Jaguar/Jaguar XF/XF-17_3.jpg,Jaguar XF,3
./Jaguar/Jaguar XF/XF-22_1.jpg,Jaguar XF,3
./Jaguar/Jaguar XJ/XJ-38-9.jpg,Jaguar XJ,4
./Jaguar/Jaguar XF/XF-7_2.jpg,Jaguar XF,3
./Jaguar/Jaguar XJ/XJ-04-9.jpg,Jaguar XJ,4
./Jaguar/E-PACE/EP-43-2.jpg,E-PACE,0
./Jaguar/Jaguar XJ/XJ-29-4.jpg,Jaguar XJ,4
./Jaguar/Jaguar XJ/XJ-17-8.jpg,Jaguar XJ,4
./Jaguar/Jaguar XF/XF-27_12.jpg,Jaguar XF,3
./Jaguar/Jaguar XE/XE-24_16.jpg,Jaguar XE,2
./Jaguar/E-PACE/EP-7_9.jpg,E-PACE,0
./Jaguar/E-PACE/EP-7_6.jpg,E-PACE,0
./Jaguar/Jaguar XE/XE-27_9.jpg,Jaguar XE,2
./Jaguar/E-PACE/EP-18_1.jpg,E-PACE,0
./Jaguar/Jaguar XJ/XJ-08-2.jpg,Jaguar XJ,4
./Jaguar/E-PACE/EP-3_15.jpg,E-PACE,0
./Jaguar/Jaguar XF/XF-27_19.jpg,Jaguar XF,3
./Jaguar/E-PACE/EP-46-4.jpg,E-PACE,0
./Jaguar/Jaguar XJ/XJ-42-7.jpg,Jaguar XJ,4
./Jaguar/F-PACE/FP-16_8.jpg,F-PACE,1
./Jaguar/Jaguar XJ/XJ-28-1.jpg,Jaguar XJ,4
./Jaguar/Jaguar XJ/XJ-04-13.jpg,Jaguar XJ,4
./Jaguar/Jaguar XF/XF-19_4.jpg,Jaguar XF,3
./Jaguar/Jaguar XF/XF-33_7.jpg,Jaguar XF,3
./Jaguar/Jaguar XF/XF-10_6.jpg,Jaguar XF,3
./Jaguar/E-PACE/EP-41-7.jpg,E-PACE,0
./Jaguar/Jaguar XJ/XJ-44-9.jpg,Jaguar XJ,4
./Jaguar/Jaguar XE/XE-26_17.jpg,Jaguar XE,2
./Jaguar/Jaguar XE/XE-27_1.jpg,Jaguar XE,2
./Jaguar/E-PACE/EP-40-5.jpg,E-PACE,0
./Jaguar/Jaguar XJ/XJ-12-4.jpg,Jaguar XJ,4
./Jaguar/Jaguar XJ/XJ-07-4.jpg,Jaguar XJ,4
./Jaguar/F-PACE/FP-19_6.jpg,F-PACE,1
./Jaguar/E-PACE/EP-3_8.jpg,E-PACE,0
./Jaguar/Jaguar XF/XF-37_1.jpg,Jaguar XF,3
./Jaguar/Jaguar XJ/XJ-08-1.jpg,Jaguar XJ,4
./Jaguar/E-PACE/EP-16_4.jpg,E-PACE,0
./Jaguar/Jaguar XJ/XJ-40-1.jpg,Jaguar XJ,4
./Jaguar/E-PACE/EP-5_6.jpg,E-PACE,0
./Jaguar/Jaguar XJ/XJ-40-8.jpg,Jaguar XJ,4
./Jaguar/Jaguar XJ/XJ-15-7.jpg,Jaguar XJ,4
./Jaguar/Jaguar XJ/XJ-07-8.jpg,Jaguar XJ,4
./Jaguar/Jaguar XE/XE-12_8.jpg,Jaguar XE,2
./Jaguar/F-PACE/FP-32_10.jpg,F-PACE,1
./Jaguar/Jaguar XJ/XJ-23-3.jpg,Jaguar XJ,4
./Jaguar/Jaguar XE/XE-39_6.jpg,Jaguar XE,2
./Jaguar/Jaguar XJ/XJ-16-3.jpg,Jaguar XJ,4
./Jaguar/F-PACE/FP-08_3.jpg,F-PACE,1
./Jaguar/F-PACE/FP-05_6.jpg,F-PACE,1
./Jaguar/Jaguar XE/XE-24_20.jpg,Jaguar XE,2
./Jaguar/E-PACE/EP-11_4.jpg,E-PACE,0
./Jaguar/F-PACE/FP-40_1.jpg,F-PACE,1
./Jaguar/Jaguar XJ/XJ-14-4.jpg,Jaguar XJ,4
./Jaguar/Jaguar XE/XE-33_8.jpg,Jaguar XE,2
./Jaguar/F-PACE/FP-11_2.jpg,F-PACE,1
./Jaguar/Jaguar XE/XE-6_9.jpg,Jaguar XE,2
./Jaguar/Jaguar XF/XF-22_4.jpg,Jaguar XF,3
./Jaguar/Jaguar XJ/XJ-17-9.jpg,Jaguar XJ,4
./Jaguar/Jaguar XE/XE-38_6.jpg,Jaguar XE,2
./Jaguar/F-PACE/FP-20_8.jpg,F-PACE,1
./Jaguar/Jaguar XF/XF-3_10.jpg,Jaguar XF,3
./Jaguar/F-PACE/FP-15_3.jpg,F-PACE,1
./Jaguar/Jaguar XJ/XJ-04-3.jpg,Jaguar XJ,4
./Jaguar/Jaguar XJ/XJ-35-1.jpg,Jaguar XJ,4
./Jaguar/E-PACE/EP-29-4.jpg,E-PACE,0
./Jaguar/F-PACE/FP-13_13.jpg,F-PACE,1
./Jaguar/Jaguar XJ/XJ-41-10.jpg,Jaguar XJ,4
./Jaguar/Jaguar XE/XE-7_6.jpg,Jaguar XE,2
./Jaguar/Jaguar XF/XF-41_4.jpg,Jaguar XF,3
./Jaguar/Jaguar XE/XE-27_10.jpg,Jaguar XE,2
./Jaguar/F-PACE/FP-01_9.jpg,F-PACE,1
./Jaguar/E-PACE/EP-21_8.jpg,E-PACE,0
./Jaguar/F-PACE/FP-17_15.jpg,F-PACE,1
./Jaguar/Jaguar XF/XF-28_4.jpg,Jaguar XF,3
./Jaguar/Jaguar XE/XE-16_1.jpg,Jaguar XE,2
./Jaguar/Jaguar XF/XF-25_3.jpg,Jaguar XF,3
./Jaguar/Jaguar XF/XF-22_8.jpg,Jaguar XF,3
./Jaguar/E-PACE/EP-41-13.jpg,E-PACE,0
./Jaguar/Jaguar XE/XE-1_2.jpg,Jaguar XE,2
./Jaguar/Jaguar XJ/XJ-04-5.jpg,Jaguar XJ,4
./Jaguar/F-PACE/FP-07_8.jpg,F-PACE,1
./Jaguar/Jaguar XE/XE-27_5.jpg,Jaguar XE,2
./Jaguar/E-PACE/EP-21_5.jpg,E-PACE,0
./Jaguar/F-PACE/FP-36_21.jpg,F-PACE,1
./Jaguar/Jaguar XF/XF-23_5.jpg,Jaguar XF,3
./Jaguar/E-PACE/EP-3_5.jpg,E-PACE,0
./Jaguar/F-PACE/FP-10_9.jpg,F-PACE,1
./Jaguar/Jaguar XJ/XJ-27-2.jpg,Jaguar XJ,4
./Jaguar/Jaguar XJ/XJ-36-8.jpg,Jaguar XJ,4
./Jaguar/E-PACE/EP-5_3.jpg,E-PACE,0
./Jaguar/F-PACE/FP-36_8.jpg,F-PACE,1
./Jaguar/Jaguar XJ/XJ-22-6.jpg,Jaguar XJ,4
./Jaguar/Jaguar XE/XE-27_6.jpg,Jaguar XE,2
./Jaguar/Jaguar XJ/XJ-15-3.jpg,Jaguar XJ,4
./Jaguar/Jaguar XJ/XJ-19-3.jpg,Jaguar XJ,4
./Jaguar/Jaguar XE/XE-24_12.jpg,Jaguar XE,2
./Jaguar/Jaguar XF/XF-3_12.jpg,Jaguar XF,3
./Jaguar/F-PACE/FP-12_3.jpg,F-PACE,1
./Jaguar/Jaguar XJ/XJ-05-8.jpg,Jaguar XJ,4
./Jaguar/E-PACE/EP-3_11.jpg,E-PACE,0
./Jaguar/F-PACE/FP-03_8.jpg,F-PACE,1
./Jaguar/Jaguar XF/XF-22_7.jpg,Jaguar XF,3
./Jaguar/E-PACE/EP-9_9.jpg,E-PACE,0
./Jaguar/Jaguar XJ/XJ-11-4.jpg,Jaguar XJ,4
./Jaguar/Jaguar XE/XE-31_3.jpg,Jaguar XE,2
./Jaguar/E-PACE/EP-43-10.jpg,E-PACE,0
./Jaguar/E-PACE/EP-37-4.jpg,E-PACE,0
./Jaguar/F-PACE/FP-24_6.jpg,F-PACE,1
./Jaguar/F-PACE/FP-02_6.jpg,F-PACE,1
./Jaguar/Jaguar XF/XF-22_10.jpg,Jaguar XF,3
./Jaguar/Jaguar XE/XE-2_8.jpg,Jaguar XE,2
./Jaguar/F-PACE/FP-14_2.jpg,F-PACE,1
./Jaguar/Jaguar XE/XE-14_8.jpg,Jaguar XE,2
./Jaguar/Jaguar XJ/XJ-20-5.jpg,Jaguar XJ,4
./Jaguar/F-PACE/FP-16_9.jpg,F-PACE,1
./Jaguar/Jaguar XF/XF-40_1.jpg,Jaguar XF,3
./Jaguar/Jaguar XE/XE-27_11.jpg,Jaguar XE,2
./Jaguar/E-PACE/EP-24_8.jpg,E-PACE,0
./Jaguar/F-PACE/FP-24_2.jpg,F-PACE,1
./Jaguar/Jaguar XE/XE-37_2.jpg,Jaguar XE,2
./Jaguar/Jaguar XJ/XJ-21-8.jpg,Jaguar XJ,4
./Jaguar/Jaguar XF/XF-32_7.jpg,Jaguar XF,3
./Jaguar/Jaguar XE/XE-32_5.jpg,Jaguar XE,2
./Jaguar/Jaguar XJ/XJ-04-8.jpg,Jaguar XJ,4
./Jaguar/E-PACE/EP-4_3.jpg,E-PACE,0
./Jaguar/F-PACE/FP-20_3.jpg,F-PACE,1
./Jaguar/Jaguar XF/XF-25_14.jpg,Jaguar XF,3
./Jaguar/Jaguar XJ/XJ-41-9.jpg,Jaguar XJ,4
./Jaguar/E-PACE/EP-3_13.jpg,E-PACE,0
./Jaguar/Jaguar XE/XE-12_10.jpg,Jaguar XE,2
./Jaguar/Jaguar XJ/XJ-03-4.jpg,Jaguar XJ,4
./Jaguar/Jaguar XF/XF-21_2.jpg,Jaguar XF,3
./Jaguar/F-PACE/FP-18_15.jpg,F-PACE,1
./Jaguar/Jaguar XJ/XJ-28-6.jpg,Jaguar XJ,4
./Jaguar/Jaguar XE/XE-24_7.jpg,Jaguar XE,2
./Jaguar/E-PACE/EP-41-2.jpg,E-PACE,0
./Jaguar/Jaguar XE/XE-5_7.jpg,Jaguar XE,2
./Jaguar/Jaguar XF/XF-19_2.jpg,Jaguar XF,3
./Jaguar/Jaguar XJ/XJ-20-3.jpg,Jaguar XJ,4
./Jaguar/F-PACE/FP-13_5.jpg,F-PACE,1
./Jaguar/F-PACE/FP-16_4.jpg,F-PACE,1
./Jaguar/Jaguar XF/XF-24_10.jpg,Jaguar XF,3
./Jaguar/Jaguar XE/XE-26_1.jpg,Jaguar XE,2
./Jaguar/Jaguar XF/XF-18_10.jpg,Jaguar XF,3
./Jaguar/Jaguar XE/XE-16_3.jpg,Jaguar XE,2
./Jaguar/Jaguar XJ/XJ-02-8.jpg,Jaguar XJ,4
./Jaguar/Jaguar XF/XF-18_12.jpg,Jaguar XF,3
./Jaguar/F-PACE/FP-12_7.jpg,F-PACE,1
./Jaguar/Jaguar XE/XE-1_5.jpg,Jaguar XE,2
./Jaguar/Jaguar XE/XE-19_3.jpg,Jaguar XE,2
./Jaguar/Jaguar XE/XE-12_7.jpg,Jaguar XE,2
./Jaguar/Jaguar XE/XE-21_6.jpg,Jaguar XE,2
./Jaguar/Jaguar XE/XE-35_6.jpg,Jaguar XE,2
./Jaguar/Jaguar XJ/XJ-22-1.jpg,Jaguar XJ,4
./Jaguar/Jaguar XJ/XJ-09-8.jpg,Jaguar XJ,4
./Jaguar/F-PACE/FP-01_3.jpg,F-PACE,1
./Jaguar/Jaguar XE/XE-33_3.jpg,Jaguar XE,2
./Jaguar/F-PACE/FP-39_11.jpg,F-PACE,1
./Jaguar/E-PACE/EP-40-3.jpg,E-PACE,0
./Jaguar/Jaguar XF/XF-9_10.jpg,Jaguar XF,3
./Jaguar/Jaguar XF/XF-25_1.jpg,Jaguar XF,3
./Jaguar/E-PACE/EP-38-9.jpg,E-PACE,0
./Jaguar/Jaguar XE/XE-24_13.jpg,Jaguar XE,2
./Jaguar/Jaguar XJ/XJ-05-7.jpg,Jaguar XJ,4
./Jaguar/Jaguar XJ/XJ-24-3.jpg,Jaguar XJ,4
./Jaguar/Jaguar XF/XF-12_10.jpg,Jaguar XF,3
./Jaguar/F-PACE/FP-05_1.jpg,F-PACE,1
./Jaguar/Jaguar XE/XE-15_6.jpg,Jaguar XE,2
./Jaguar/E-PACE/EP-44-2.jpg,E-PACE,0
./Jaguar/Jaguar XJ/XJ-17-5.jpg,Jaguar XJ,4
./Jaguar/Jaguar XE/XE-17_6.jpg,Jaguar XE,2
./Jaguar/Jaguar XJ/XJ-43-3.jpg,Jaguar XJ,4
./Jaguar/Jaguar XF/XF-34_5.jpg,Jaguar XF,3
./Jaguar/Jaguar XE/XE-4_3.jpg,Jaguar XE,2
./Jaguar/E-PACE/EP-31-7.jpg,E-PACE,0
./Jaguar/F-PACE/FP-11_1.jpg,F-PACE,1
./Jaguar/Jaguar XE/XE-2_1.jpg,Jaguar XE,2
./Jaguar/F-PACE/FP-01_8.jpg,F-PACE,1
./Jaguar/Jaguar XF/XF-25_11.jpg,Jaguar XF,3
./Jaguar/E-PACE/EP-43-1.jpg,E-PACE,0
./Jaguar/F-PACE/FP-12_8.jpg,F-PACE,1
./Jaguar/Jaguar XF/XF-31_6.jpg,Jaguar XF,3
./Jaguar/Jaguar XJ/XJ-35-9.jpg,Jaguar XJ,4
./Jaguar/Jaguar XE/XE-12_5.jpg,Jaguar XE,2
./Jaguar/Jaguar XJ/XJ-46-1.jpg,Jaguar XJ,4
./Jaguar/Jaguar XF/XF-38_2.jpg,Jaguar XF,3
./Jaguar/Jaguar XF/XF-6_3.jpg,Jaguar XF,3
./Jaguar/Jaguar XJ/XJ-33-1.jpg,Jaguar XJ,4
./Jaguar/Jaguar XJ/XJ-14-6.jpg,Jaguar XJ,4
./Jaguar/F-PACE/FP-26_2.jpg,F-PACE,1
./Jaguar/Jaguar XJ/XJ-29-10.jpg,Jaguar XJ,4
./Jaguar/Jaguar XJ/XJ-03-6.jpg,Jaguar XJ,4
./Jaguar/Jaguar XF/XF-36_3.jpg,Jaguar XF,3
./Jaguar/E-PACE/EP-17_7.jpg,E-PACE,0
./Jaguar/Jaguar XF/XF-7_5.jpg,Jaguar XF,3
./Jaguar/E-PACE/EP-42-7.jpg,E-PACE,0
./Jaguar/F-PACE/FP-33_9.jpg,F-PACE,1
./Jaguar/Jaguar XJ/XJ-35-14.jpg,Jaguar XJ,4
./Jaguar/F-PACE/FP-18_8.jpg,F-PACE,1
./Jaguar/Jaguar XF/XF-4_7.jpg,Jaguar XF,3
./Jaguar/E-PACE/EP-36-3.jpg,E-PACE,0
./Jaguar/Jaguar XF/XF-14_8.jpg,Jaguar XF,3
./Jaguar/Jaguar XF/XF-38_1.jpg,Jaguar XF,3
./Jaguar/Jaguar XF/XF-1_2.jpg,Jaguar XF,3
./Jaguar/Jaguar XJ/XJ-14-9.jpg,Jaguar XJ,4
./Jaguar/Jaguar XJ/XJ-30-5.jpg,Jaguar XJ,4
./Jaguar/F-PACE/FP-37_14.jpg,F-PACE,1
./Jaguar/Jaguar XJ/XJ-29-12.jpg,Jaguar XJ,4
./Jaguar/E-PACE/EP-16_2.jpg,E-PACE,0
./Jaguar/Jaguar XE/XE-16_9.jpg,Jaguar XE,2
./Jaguar/Jaguar XE/XE-12_1.jpg,Jaguar XE,2
./Jaguar/E-PACE/EP-8_1.jpg,E-PACE,0
./Jaguar/Jaguar XE/XE-28_1.jpg,Jaguar XE,2
./Jaguar/E-PACE/EP-32-3.jpg,E-PACE,0
./Jaguar/Jaguar XF/XF-21_3.jpg,Jaguar XF,3
./Jaguar/E-PACE/EP-21_1.jpg,E-PACE,0
./Jaguar/Jaguar XJ/XJ-04-1.jpg,Jaguar XJ,4
./Jaguar/Jaguar XE/XE-29_5.jpg,Jaguar XE,2
./Jaguar/F-PACE/FP-10_11.jpg,F-PACE,1
./Jaguar/F-PACE/FP-14_5.jpg,F-PACE,1
./Jaguar/Jaguar XF/XF-21_5.jpg,Jaguar XF,3
./Jaguar/Jaguar XF/XF-28_12.jpg,Jaguar XF,3
./Jaguar/Jaguar XJ/XJ-02-11.jpg,Jaguar XJ,4
./Jaguar/Jaguar XE/XE-3_12.jpg,Jaguar XE,2
./Jaguar/F-PACE/FP-09_5.jpg,F-PACE,1
./Jaguar/E-PACE/EP-9_6.jpg,E-PACE,0
./Jaguar/Jaguar XE/XE-23_1.jpg,Jaguar XE,2
./Jaguar/F-PACE/FP-21_11.jpg,F-PACE,1
./Jaguar/E-PACE/EP-20_5.jpg,E-PACE,0
./Jaguar/Jaguar XE/XE-21_5.jpg,Jaguar XE,2
./Jaguar/Jaguar XE/XE-9_7.jpg,Jaguar XE,2
./Jaguar/F-PACE/FP-08_8.jpg,F-PACE,1
./Jaguar/Jaguar XF/XF-25_19.jpg,Jaguar XF,3
./Jaguar/Jaguar XF/XF-21_17.jpg,Jaguar XF,3
./Jaguar/F-PACE/FP-03_3.jpg,F-PACE,1
./Jaguar/Jaguar XF/XF-10_3.jpg,Jaguar XF,3
./Jaguar/Jaguar XE/XE-36_2.jpg,Jaguar XE,2
./Jaguar/F-PACE/FP-02_2.jpg,F-PACE,1
./Jaguar/E-PACE/EP-17_8.jpg,E-PACE,0
./Jaguar/Jaguar XF/XF-10_2.jpg,Jaguar XF,3
./Jaguar/F-PACE/FP-37_9.jpg,F-PACE,1
./Jaguar/Jaguar XF/XF-28_19.jpg,Jaguar XF,3
./Jaguar/F-PACE/FP-22_2.jpg,F-PACE,1
./Jaguar/F-PACE/FP-17_6.jpg,F-PACE,1
./Jaguar/Jaguar XJ/XJ-24-4.jpg,Jaguar XJ,4
./Jaguar/F-PACE/FP-18_12.jpg,F-PACE,1
./Jaguar/Jaguar XF/XF-41_1.jpg,Jaguar XF,3
./Jaguar/E-PACE/EP-25_10.jpg,E-PACE,0
./Jaguar/Jaguar XE/XE-31_1.jpg,Jaguar XE,2
./Jaguar/Jaguar XJ/XJ-06-7.jpg,Jaguar XJ,4
./Jaguar/Jaguar XF/XF-23_1.jpg,Jaguar XF,3
./Jaguar/Jaguar XJ/XJ-19-10.jpg,Jaguar XJ,4
./Jaguar/E-PACE/EP-26_5.jpg,E-PACE,0
./Jaguar/Jaguar XF/XF-39_3.jpg,Jaguar XF,3
./Jaguar/E-PACE/EP-16_6.jpg,E-PACE,0
./Jaguar/Jaguar XE/XE-16_8.jpg,Jaguar XE,2
./Jaguar/Jaguar XJ/XJ-12-6.jpg,Jaguar XJ,4
./Jaguar/Jaguar XJ/XJ-46-3.jpg,Jaguar XJ,4
./Jaguar/Jaguar XE/XE-6_6.jpg,Jaguar XE,2
./Jaguar/F-PACE/FP-37_1.jpg,F-PACE,1
./Jaguar/Jaguar XE/XE-33_2.jpg,Jaguar XE,2
./Jaguar/F-PACE/FP-20_2.jpg,F-PACE,1
./Jaguar/E-PACE/EP-2_7.jpg,E-PACE,0
